,Unnamed: 0,Unnamed: 1,Unnamed: 2,Unnamed: 3,Unnamed: 4,Unnamed: 5,Passing,Passing.1,Passing.2,Passing.3,Passing.4,Passing.5,Passing.6,Passing.7,Passing.8
0,Ryan Finley,School,Conf,Class,Pos,G,Cmp,Att,Pct,Yds,Y/A,AY/A,TD,Int,Rate
1,*2014,Boise State,MWC,FR,QB,4,12,27,44.4,161,6.0,5.8,2,1,111.6
2,*2015,Boise State,MWC,SO,QB,3,46,70,65.7,485,6.9,4.6,1,4,117.2
3,*2016,North Carolina State,ACC,JR,QB,13,243,402,60.4,3059,7.6,7.6,18,8,135.2
4,*2017,North Carolina State,ACC,JR,QB,13,311,478,65.1,3514,7.4,7.5,17,6,136.0
5,*2018,North Carolina State,ACC,SR,QB,13,326,484,67.4,3928,8.1,8.1,25,11,148.0
6,Career,Overall,,,,,938,1461,64.2,11147,7.6,7.6,63,30,138.4
7,,Boise State,,,,,58,97,59.8,646,6.7,5.0,3,5,115.6
8,,North Carolina State,,,,,880,1364,64.5,10501,7.7,7.8,60,25,140.0
0,Will Grier,School,Conf,Class,Pos,G,Cmp,Att,Pct,Yds,Y/A,AY/A,TD,Int,Rate
1,*2015,Florida,SEC,FR,QB,6,105,160,65.6,1202,7.5,7.9,10,3,145.6
2,*2017,West Virginia,Big 12,JR,QB,11,250,388,64.4,3490,9.0,9.4,34,12,162.7
3,*2018,West Virginia,Big 12,SR,QB,11,266,397,67.0,3864,9.7,10.7,37,8,175.5
4,Career,Overall,,,,,621,945,65.7,8556,9.1,9.7,81,23,165.2
5,,Florida,,,,,105,160,65.6,1202,7.5,7.9,10,3,145.6
6,,West Virginia,,,,,516,785,65.7,7354,9.4,10.0,71,20,169.2
0,Dwayne Haskins,School,Conf,Class,Pos,G,Cmp,Att,Pct,Yds,Y/A,AY/A,TD,Int,Rate
1,*2017,Ohio State,Big Ten,FR,QB,8,40,57,70.2,565,9.9,10.5,4,1,173.1
2,*2018,Ohio State,Big Ten,SO,QB,14,373,533,70.0,4831,9.1,10.3,50,8,174.1
3,Career,Ohio State,,,,,413,590,70.0,5396,9.1,10.3,54,9,174.0
0,Daniel Jones,School,Conf,Class,Pos,G,Cmp,Att,Pct,Yds,Y/A,AY/A,TD,Int,Rate
1,*2015,Duke,ACC,FR,QB,,,,,,,,,,
2,2016,Duke,ACC,FR,QB,12,270,430,62.8,2836,6.6,6.4,16,9,126.3
3,*2017,Duke,ACC,SO,QB,13,257,453,56.7,2691,5.9,5.5,14,11,112.0
4,*2018,Duke,ACC,JR,QB,11,237,392,60.5,2674,6.8,6.9,22,9,131.7
5,Career,Duke,,,,,764,1275,59.9,8201,6.4,6.2,52,29,122.9
0,Drew Lock,School,Conf,Class,Pos,G,Cmp,Att,Pct,Yds,Y/A,AY/A,TD,Int,Rate
1,2015,Missouri,SEC,FR,QB,12,129,263,49.0,1332,5.1,4.0,4,8,90.5
2,2016,Missouri,SEC,SO,QB,12,237,434,54.6,3399,7.8,7.9,23,10,133.3
3,*2017,Missouri,SEC,JR,QB,13,242,419,57.8,3964,9.5,10.2,44,13,165.7
4,*2018,Missouri,SEC,SR,QB,13,275,437,62.9,3498,8.0,8.5,28,8,147.7
5,Career,Missouri,,,,,883,1553,56.9,12193,7.9,8.0,99,39,138.8
0,Trace McSorley,School,Conf,Class,Pos,G,Cmp,Att,Pct,Yds,Y/A,AY/A,TD,Int,Rate
1,*2015,Penn State,Big Ten,FR,QB,6,20,40,50.0,185,4.6,5.6,2,0,105.4
2,*2016,Penn State,Big Ten,SO,QB,14,224,387,57.9,3614,9.3,9.9,29,8,156.9
3,*2017,Penn State,Big Ten,JR,QB,13,284,427,66.5,3570,8.4,8.6,28,10,153.7
4,*2018,Penn State,Big Ten,SR,QB,13,192,361,53.2,2530,7.0,7.1,18,7,124.6
5,Career,Penn State,,,,,720,1215,59.3,9899,8.1,8.5,77,25,144.5
0,Gardner Minshew,School,Conf,Class,Pos,G,Cmp,Att,Pct,Yds,Y/A,AY/A,TD,Int,Rate
1,2016,East Carolina,American,SO,QB,7,119,202,58.9,1347,6.7,6.6,8,4,124.0
2,2017,East Carolina,American,JR,QB,10,174,304,57.2,2140,7.0,7.1,16,7,129.1
3,*2018,Washington State,Pac-12,SR,QB,13,468,662,70.7,4779,7.2,7.8,38,9,147.6
4,Career,Overall,,,,,761,1168,65.2,8266,7.1,7.4,62,20,138.7
5,,East Carolina,,,,,293,506,57.9,3487,6.9,6.9,24,11,127.1
6,,Washington State,,,,,468,662,70.7,4779,7.2,7.8,38,9,147.6
0,Kyler Murray,School,Conf,Class,Pos,G,Cmp,Att,Pct,Yds,Y/A,AY/A,TD,Int,Rate
1,*2015,Texas A&M,SEC,FR,QB,8,72,121,59.5,686,5.7,3.9,5,7,109.2
2,*2017,Oklahoma,Big 12,SO,QB,7,18,21,85.7,359,17.1,20.0,3,0,276.5
3,*2018,Oklahoma,Big 12,JR,QB,14,260,377,69.0,4361,11.6,13.0,42,7,199.2
4,Career,Overall,,,,,350,519,67.4,5406,10.4,11.1,50,14,181.3
5,,Texas A&M,,,,,72,121,59.5,686,5.7,3.9,5,7,109.2
6,,Oklahoma,,,,,278,398,69.8,4720,11.9,13.3,45,7,203.3
0,Jarrett Stidham,School,Conf,Class,Pos,G,Cmp,Att,Pct,Yds,Y/A,AY/A,TD,Int,Rate
1,*2015,Baylor,Big 12,FR,QB,10,75,109,68.8,1265,11.6,13.0,12,2,199.0
2,*2017,Auburn,SEC,SO,QB,14,246,370,66.5,3158,8.5,8.8,18,6,151.0
3,*2018,Auburn,SEC,JR,QB,13,224,369,60.7,2794,7.6,7.9,18,5,137.7
4,Career,Overall,,,,,545,848,64.3,7217,8.5,9.0,48,13,151.4
5,,Baylor,,,,,75,109,68.8,1265,11.6,13.0,12,2,199.0
6,,Auburn,,,,,470,739,63.6,5952,8.1,8.4,36,11,144.4
0,Sam Darnold,School,Conf,Class,Pos,G,Cmp,Att,Pct,Yds,Y/A,AY/A,TD,Int,Rate
1,*2015,USC,Pac-12,FR,QB,,,,,,,,,,
2,*2016,USC,Pac-12,FR,QB,13,246,366,67.2,3086,8.4,9.0,31,9,161.1
3,*2017,USC,Pac-12,SO,QB,14,303,480,63.1,4143,8.6,8.5,26,13,148.1
4,Career,USC,,,,,549,846,64.9,7229,8.5,8.7,57,22,153.7
0,Danny Etling,School,Conf,Class,Pos,G,Cmp,Att,Pct,Yds,Y/A,AY/A,TD,Int,Rate
1,2013,Purdue,Big Ten,FR,QB,8,149,267,55.8,1690,6.3,5.9,10,7,116.1
2,2014,Purdue,Big Ten,SO,QB,5,89,162,54.9,800,4.9,4.3,6,5,102.5
3,*2015,LSU,SEC,JR,QB,,,,,,,,,,
4,*2016,LSU,SEC,JR,QB,11,160,269,59.5,2123,7.9,7.9,11,5,135.6
5,*2017,LSU,SEC,SR,QB,13,165,275,60.0,2463,9.0,9.8,16,2,153.0
6,Career,Overall,,,,,563,973,57.9,7076,7.3,7.3,43,19,129.6
7,,Purdue,,,,,238,429,55.5,2490,5.8,5.3,16,12,110.9
8,,LSU,,,,,325,544,59.7,4586,8.4,8.8,27,7,144.4
0,Luke Falk,School,Conf,Class,Pos,G,Cmp,Att,Pct,Yds,Y/A,AY/A,TD,Int,Rate
1,2014,Washington State,Pac-12,FR,QB,5,156,243,64.2,1859,7.7,7.4,13,7,140.4
2,*2015,Washington State,Pac-12,SO,QB,12,447,644,69.4,4561,7.1,7.7,38,8,145.9
3,*2016,Washington State,Pac-12,JR,QB,13,443,633,70.0,4468,7.1,7.5,38,11,145.6
4,*2017,Washington State,Pac-12,SR,QB,12,357,534,66.9,3593,6.7,6.8,30,13,137.0
5,Career,Washington State,,,,,1403,2054,68.3,14481,7.1,7.4,119,39,142.8
0,Tanner Lee,School,Conf,Class,Pos,G,Cmp,Att,Pct,Yds,Y/A,AY/A,TD,Int,Rate
1,2014,Tulane,American,FR,QB,10,185,336,55.1,1962,5.8,4.7,12,14,107.6
2,2015,Tulane,American,SO,QB,9,143,276,51.8,1639,5.9,5.6,11,7,109.8
3,2017,Nebraska,Big Ten,JR,QB,12,246,428,57.5,3143,7.3,6.7,23,16,129.4
4,Career,Overall,,,,,574,1040,55.2,6744,6.5,5.8,46,37,117.1
5,,Tulane,,,,,328,612,53.6,3601,5.9,5.1,23,21,108.6
6,,Nebraska,,,,,246,428,57.5,3143,7.3,6.7,23,16,129.4
0,Baker Mayfield,School,Conf,Class,Pos,G,Cmp,Att,Pct,Yds,Y/A,AY/A,TD,Int,Rate
1,*2013,Texas Tech,Big 12,FR,QB,8,218,340,64.1,2315,6.8,6.3,12,9,127.7
2,*2015,Oklahoma,Big 12,SO,QB,13,269,395,68.1,3700,9.4,10.4,36,7,173.3
3,*2016,Oklahoma,Big 12,JR,QB,13,254,358,70.9,3965,11.1,12.3,40,8,196.4
4,*2017,Oklahoma,Big 12,SR,QB,14,285,404,70.5,4627,11.5,12.9,43,6,198.9
5,Career,Overall,,,,,1026,1497,68.5,14607,9.8,10.6,131,30,175.4
6,,Texas Tech,,,,,218,340,64.1,2315,6.8,6.3,12,9,127.7
7,,Oklahoma,,,,,808,1157,69.8,12292,10.6,11.9,119,21,189.4
0,Josh Rosen,School,Conf,Class,Pos,G,Cmp,Att,Pct,Yds,Y/A,AY/A,TD,Int,Rate
1,*2015,UCLA,Pac-12,FR,QB,13,292,487,60.0,3669,7.5,7.5,23,11,134.3
2,2016,UCLA,Pac-12,SO,QB,6,137,231,59.3,1915,8.3,8.2,10,5,138.9
3,*2017,UCLA,Pac-12,JR,QB,11,283,452,62.6,3756,8.3,8.5,26,10,147.0
4,Career,UCLA,,,,,712,1170,60.9,9340,8.0,8.0,59,26,140.1
0,Mason Rudolph,School,Conf,Class,Pos,G,Cmp,Att,Pct,Yds,Y/A,AY/A,TD,Int,Rate
1,*2014,Oklahoma State,Big 12,FR,QB,3,49,86,57.0,853,9.9,9.2,6,4,154.0
2,*2015,Oklahoma State,Big 12,SO,QB,13,264,424,62.3,3770,8.9,8.9,21,9,149.1
3,*2016,Oklahoma State,Big 12,JR,QB,13,284,448,63.4,4091,9.1,10.0,28,4,158.9
4,*2017,Oklahoma State,Big 12,SR,QB,13,318,489,65.0,4904,10.0,10.7,37,9,170.6
5,Career,Oklahoma State,,,,,915,1447,63.2,13618,9.4,9.9,92,26,159.7
0,Logan Woodside,School,Conf,Class,Pos,G,Cmp,Att,Pct,Yds,Y/A,AY/A,TD,Int,Rate
1,2013,Toledo,MAC,FR,QB,4,21,41,51.2,240,5.9,6.3,1,0,108.4
2,*2014,Toledo,MAC,SO,QB,12,185,296,62.5,2263,7.6,7.7,19,8,142.5
3,*2015,Toledo,MAC,JR,QB,,,,,,,,,,
4,*2016,Toledo,MAC,JR,QB,13,289,418,69.1,4129,9.9,11.1,45,9,183.3
5,*2017,Toledo,MAC,SR,QB,14,264,411,64.2,3882,9.4,9.9,28,8,162.2
6,Career,Toledo,,,,,759,1166,65.1,10514,9.0,9.6,93,25,162.9
0,C.J. Beathard,School,Conf,Class,Pos,G,Cmp,Att,Pct,Yds,Y/A,AY/A,TD,Int,Rate
1,*2013,Iowa,Big Ten,FR,QB,5,9,27,33.3,179,6.6,4.0,1,2,86.4
2,*2014,Iowa,Big Ten,SO,QB,8,52,92,56.5,645,7.0,7.1,5,2,129.0
3,*2015,Iowa,Big Ten,JR,QB,14,223,362,61.6,2809,7.8,8.1,17,5,139.5
4,*2016,Iowa,Big Ten,SR,QB,13,170,301,56.5,1929,6.4,6.0,17,10,122.3
5,Career,Iowa,,,,,454,782,58.1,5562,7.1,7.0,40,19,129.8
0,Joshua Dobbs,School,Conf,Class,Pos,G,Cmp,Att,Pct,Yds,Y/A,AY/A,TD,Int,Rate
1,2013,Tennessee,SEC,FR,QB,5,72,121,59.5,695,5.7,3.8,2,6,103.3
2,*2014,Tennessee,SEC,SO,QB,6,112,177,63.3,1206,6.8,6.3,9,6,130.5
3,*2015,Tennessee,SEC,JR,QB,13,205,344,59.6,2291,6.7,6.9,15,5,127.0
4,*2016,Tennessee,SEC,SR,QB,13,225,357,63.0,2946,8.3,8.3,27,12,150.6
5,Career,Tennessee,,,,,614,999,61.5,7138,7.1,6.9,53,29,133.2
0,Brad Kaaya,School,Conf,Class,Pos,G,Cmp,Att,Pct,Yds,Y/A,AY/A,TD,Int,Rate
1,*2014,Miami (FL),ACC,FR,QB,13,221,378,58.5,3198,8.5,8.4,26,12,145.9
2,*2015,Miami (FL),ACC,SO,QB,12,238,389,61.2,3238,8.3,8.6,16,5,142.1
3,*2016,Miami (FL),ACC,JR,QB,13,261,421,62.0,3532,8.4,8.9,27,7,150.3
4,Career,Miami (FL),,,,,720,1188,60.6,9968,8.4,8.6,69,24,146.2
0,DeShone Kizer,School,Conf,Class,Pos,G,Cmp,Att,Pct,Yds,Y/A,AY/A,TD,Int,Rate
1,*2015,Notre Dame,Ind,SO,QB,13,210,334,62.9,2880,8.6,8.5,21,10,150.1
2,2016,Notre Dame,Ind,JR,QB,12,212,361,58.7,2925,8.1,8.4,26,9,145.6
3,Career,Notre Dame,,,,,422,695,60.7,5805,8.4,8.5,47,19,147.7
0,Patrick Mahomes,School,Conf,Class,Pos,G,Cmp,Att,Pct,Yds,Y/A,AY/A,TD,Int,Rate
1,2014,Texas Tech,Big 12,FR,QB,7,105,185,56.8,1547,8.4,9.1,16,4,151.2
2,*2015,Texas Tech,Big 12,SO,QB,13,364,573,63.5,4653,8.1,8.2,36,15,147.2
3,2016,Texas Tech,Big 12,JR,QB,12,388,591,65.7,5052,8.5,9.2,41,10,157.0
4,Career,Texas Tech,,,,,857,1349,63.5,11252,8.3,8.8,93,29,152.0
0,Nathan Peterman,School,Conf,Class,Pos,G,Cmp,Att,Pct,Yds,Y/A,AY/A,TD,Int,Rate
1,2013,Tennessee,SEC,FR,QB,3,10,23,43.5,45,2.0,-2.0,0,2,42.5
2,*2014,Tennessee,SEC,SO,QB,6,10,20,50.0,49,2.5,2.5,0,0,70.6
3,*2015,Pitt,ACC,JR,QB,13,193,313,61.7,2287,7.3,7.4,20,8,139.0
4,*2016,Pitt,ACC,SR,QB,13,185,306,60.5,2855,9.3,10.1,27,7,163.4
5,Career,Overall,,,,,398,662,60.1,5236,7.9,8.2,47,17,144.9
6,,Tennessee,,,,,20,43,46.5,94,2.2,0.1,0,2,55.6
7,,Pitt,,,,,378,619,61.1,5142,8.3,8.7,47,15,151.1
0,Mitch Trubisky,School,Conf,Class,Pos,G,Cmp,Att,Pct,Yds,Y/A,AY/A,TD,Int,Rate
1,*2014,North Carolina,ACC,SO,QB,9,42,78,53.8,459,5.9,4.9,5,4,114.2
2,*2015,North Carolina,ACC,SO,QB,9,40,47,85.1,555,11.8,14.4,6,0,226.4
3,*2016,North Carolina,ACC,JR,QB,13,304,447,68.0,3748,8.4,9.1,30,6,157.9
4,Career,North Carolina,,,,,386,572,67.5,4762,8.3,9.0,41,10,157.6
0,Deshaun Watson,School,Conf,Class,Pos,G,Cmp,Att,Pct,Yds,Y/A,AY/A,TD,Int,Rate
1,*2014,Clemson,ACC,FR,QB,8,93,137,67.9,1466,10.7,12.1,14,2,188.6
2,*2015,Clemson,ACC,SO,QB,15,333,491,67.8,4109,8.4,8.6,35,13,156.3
3,*2016,Clemson,ACC,JR,QB,15,388,579,67.0,4593,7.9,8.0,41,17,151.1
4,Career,Clemson,,,,,814,1207,67.4,10168,8.4,8.7,90,32,157.5
0,Davis Webb,School,Conf,Class,Pos,G,Cmp,Att,Pct,Yds,Y/A,AY/A,TD,Int,Rate
1,*2013,Texas Tech,Big 12,FR,QB,10,226,361,62.6,2718,7.5,7.5,20,9,139.1
2,2014,Texas Tech,Big 12,SO,QB,8,211,345,61.2,2539,7.4,7.1,24,13,138.4
3,*2015,Texas Tech,Big 12,JR,QB,5,22,41,53.7,300,7.3,8.3,2,0,131.2
4,2016,California,Pac-12,SR,QB,12,382,620,61.6,4295,6.9,7.3,37,12,135.6
5,Career,Overall,,,,,841,1367,61.5,9852,7.2,7.3,83,34,137.1
6,,Texas Tech,,,,,459,747,61.4,5557,7.4,7.3,46,22,138.4
7,,California,,,,,382,620,61.6,4295,6.9,7.3,37,12,135.6
0,Brandon Allen,School,Conf,Class,Pos,G,Cmp,Att,Pct,Yds,Y/A,AY/A,TD,Int,Rate
1,2012,Arkansas,SEC,FR,QB,5,21,49,42.9,186,3.8,1.4,1,3,69.2
2,2013,Arkansas,SEC,SO,QB,11,128,258,49.6,1552,6.0,5.3,13,10,109.0
3,*2014,Arkansas,SEC,JR,QB,13,190,339,56.0,2285,6.7,7.3,20,5,129.2
4,*2015,Arkansas,SEC,SR,QB,13,244,370,65.9,3440,9.3,9.9,30,8,166.5
5,Career,Arkansas,,,,,583,1016,57.4,7463,7.3,7.5,64,26,134.8
0,Jacoby Brissett,School,Conf,Class,Pos,G,Cmp,Att,Pct,Yds,Y/A,AY/A,TD,Int,Rate
1,*2011,Florida,SEC,FR,QB,8,18,39,46.2,206,5.3,1.7,2,4,86.9
2,*2012,Florida,SEC,SO,QB,5,23,35,65.7,249,7.1,7.7,1,0,134.9
3,*2014,North Carolina State,ACC,JR,QB,13,221,370,59.7,2606,7.0,7.7,23,5,136.7
4,*2015,North Carolina State,ACC,SR,QB,13,237,395,60.0,2662,6.7,7.1,20,6,130.3
5,Career,Overall,,,,,499,839,59.5,5723,6.8,7.1,46,15,131.3
6,,Florida,,,,,41,74,55.4,455,6.1,4.5,3,4,109.6
7,,North Carolina State,,,,,458,765,59.9,5268,6.9,7.4,43,11,133.4
0,Connor Cook,School,Conf,Class,Pos,G,Cmp,Att,Pct,Yds,Y/A,AY/A,TD,Int,Rate
1,*2012,Michigan State,Big Ten,SO,QB,3,9,17,52.9,94,5.5,4.1,1,1,107.0
2,*2013,Michigan State,Big Ten,SO,QB,14,223,380,58.7,2755,7.3,7.7,22,6,135.5
3,*2014,Michigan State,Big Ten,JR,QB,13,212,365,58.1,3214,8.8,9.1,24,8,149.4
4,*2015,Michigan State,Big Ten,SR,QB,13,229,408,56.1,3131,7.7,8.1,24,7,136.6
5,Career,Michigan State,,,,,673,1170,57.5,9194,7.9,8.2,71,22,139.8
0,Jeff Driskel,School,Conf,Class,Pos,G,Cmp,Att,Pct,Yds,Y/A,AY/A,TD,Int,Rate
1,*2011,Florida,SEC,FR,QB,5,16,34,47.1,148,4.4,1.7,0,2,71.9
2,*2012,Florida,SEC,SO,QB,12,156,245,63.7,1646,6.7,6.8,12,5,132.2
3,2013,Florida,SEC,JR,QB,3,42,61,68.9,477,7.8,6.3,2,3,135.5
4,*2014,Florida,SEC,JR,QB,9,114,212,53.8,1140,5.4,4.1,9,10,103.5
5,*2015,Louisiana Tech,CUSA,SR,QB,13,279,448,62.3,4026,9.0,9.4,27,8,154.1
6,Career,Overall,,,,,607,1000,60.7,7437,7.4,7.2,50,28,134.1
7,,Florida,,,,,328,552,59.4,3411,6.2,5.4,23,20,117.8
8,,Louisiana Tech,,,,,279,448,62.3,4026,9.0,9.4,27,8,154.1
0,Jared Goff,School,Conf,Class,Pos,G,Cmp,Att,Pct,Yds,Y/A,AY/A,TD,Int,Rate
1,2013,California,Pac-12,FR,QB,12,320,530,60.4,3508,6.6,6.4,18,10,123.4
2,2014,California,Pac-12,SO,QB,12,316,509,62.1,3973,7.8,8.6,35,7,147.6
3,*2015,California,Pac-12,JR,QB,13,341,529,64.5,4714,8.9,9.4,43,13,161.2
4,Career,California,,,,,977,1568,62.3,12195,7.8,8.1,96,30,144.0
0,Christian Hackenberg,School,Conf,Class,Pos,G,Cmp,Att,Pct,Yds,Y/A,AY/A,TD,Int,Rate
1,2013,Penn State,Big Ten,FR,QB,12,231,392,58.9,2955,7.5,7.4,20,10,134.0
2,*2014,Penn State,Big Ten,SO,QB,13,270,484,55.8,2977,6.2,5.3,12,15,109.4
3,*2015,Penn State,Big Ten,JR,QB,13,192,359,53.5,2525,7.0,7.2,16,6,123.9
4,Career,Penn State,,,,,693,1235,56.1,8457,6.8,6.5,48,31,121.4
0,Kevin Hogan,School,Conf,Class,Pos,G,Cmp,Att,Pct,Yds,Y/A,AY/A,TD,Int,Rate
1,*2012,Stanford,Pac-12,FR,QB,10,109,152,71.7,1096,7.2,7.5,9,3,147.9
2,*2013,Stanford,Pac-12,SO,QB,14,180,295,61.0,2630,8.9,8.7,20,10,151.5
3,*2014,Stanford,Pac-12,JR,QB,13,232,352,65.9,2792,7.9,8.0,19,8,145.8
4,*2015,Stanford,Pac-12,SR,QB,14,206,304,67.8,2867,9.4,10.0,27,8,171.0
5,Career,Stanford,,,,,727,1103,65.9,9385,8.5,8.7,75,29,154.6
0,Cardale Jones,School,Conf,Class,Pos,G,Cmp,Att,Pct,Yds,Y/A,AY/A,TD,Int,Rate
1,*2013,Ohio State,Big Ten,FR,QB,3,1,2,50.0,3,1.5,1.5,0,0,62.6
2,*2014,Ohio State,Big Ten,SO,QB,10,56,92,60.9,860,9.3,9.9,7,2,160.2
3,*2015,Ohio State,Big Ten,JR,QB,10,109,175,62.3,1459,8.3,8.0,8,5,141.7
4,Career,Ohio State,,,,,166,269,61.7,2322,8.6,8.6,15,7,147.4
0,Cody Kessler,School,Conf,Class,Pos,G,Cmp,Att,Pct,Yds,Y/A,AY/A,TD,Int,Rate
1,*2012,USC,Pac-12,FR,QB,10,2,2,100.0,9,4.5,4.5,0,0,137.8
2,*2013,USC,Pac-12,SO,QB,14,236,361,65.4,2968,8.2,8.5,20,7,148.8
3,*2014,USC,Pac-12,JR,QB,13,315,452,69.7,3826,8.5,9.7,39,5,167.1
4,*2015,USC,Pac-12,SR,QB,14,298,446,66.8,3536,7.9,8.5,29,7,151.7
5,Career,USC,,,,,851,1261,67.5,10339,8.2,8.9,88,19,156.4
0,Paxton Lynch,School,Conf,Class,Pos,G,Cmp,Att,Pct,Yds,Y/A,AY/A,TD,Int,Rate
1,2013,Memphis,American,FR,QB,12,203,349,58.2,2056,5.9,5.1,9,10,110.4
2,*2014,Memphis,American,SO,QB,13,259,413,62.7,3031,7.3,7.4,22,9,137.6
3,*2015,Memphis,American,JR,QB,13,296,443,66.8,3776,8.5,9.4,28,4,157.5
4,Career,Memphis,,,,,758,1205,62.9,8863,7.4,7.5,59,23,137.0
0,Dak Prescott,School,Conf,Class,Pos,G,Cmp,Att,Pct,Yds,Y/A,AY/A,TD,Int,Rate
1,*2012,Mississippi State,SEC,FR,QB,12,18,29,62.1,194,6.7,9.4,4,0,163.8
2,*2013,Mississippi State,SEC,FR,QB,11,156,267,58.4,1940,7.3,6.8,10,7,126.6
3,*2014,Mississippi State,SEC,JR,QB,13,244,396,61.6,3449,8.7,8.8,27,11,151.7
4,*2015,Mississippi State,SEC,SR,QB,13,316,477,66.2,3793,8.0,8.7,29,5,151.0
5,Career,Mississippi State,,,,,734,1169,62.8,9376,8.0,8.3,70,23,146.0
0,Nate Sudfeld,School,Conf,Class,Pos,G,Cmp,Att,Pct,Yds,Y/A,AY/A,TD,Int,Rate
1,2012,Indiana,Big Ten,FR,QB,7,51,82,62.2,632,7.7,8.9,7,1,152.7
2,2013,Indiana,Big Ten,SO,QB,12,194,322,60.2,2523,7.8,7.9,21,9,142.0
3,2014,Indiana,Big Ten,JR,QB,7,101,167,60.5,1151,6.9,6.8,6,3,126.6
4,*2015,Indiana,Big Ten,SR,QB,12,247,412,60.0,3573,8.7,9.2,27,7,151.0
5,Career,Indiana,,,,,593,983,60.3,7879,8.0,8.3,61,20,144.1
0,Garrett Grayson,School,Conf,Class,Pos,G,Cmp,Att,Pct,Yds,Y/A,AY/A,TD,Int,Rate
1,2011,Colorado State,MWC,FR,QB,4,43,77,55.8,542,7.0,4.1,2,6,108.0
2,2012,Colorado State,MWC,SO,QB,6,78,138,56.5,946,6.9,6.9,7,3,126.5
3,*2013,Colorado State,MWC,JR,QB,14,297,478,62.1,3696,7.7,7.7,23,11,138.4
4,*2014,Colorado State,MWC,SR,QB,13,270,420,64.3,4006,9.5,10.3,32,7,166.2
5,Career,Colorado State,,,,,688,1113,61.8,9190,8.3,8.3,64,27,145.3
0,Sean Mannion,School,Conf,Class,Pos,G,Cmp,Att,Pct,Yds,Y/A,AY/A,TD,Int,Rate
1,2011,Oregon State,Pac-12,FR,QB,12,305,473,64.5,3328,7.0,6.0,16,18,127.1
2,*2012,Oregon State,Pac-12,SO,QB,10,200,309,64.7,2446,7.9,7.0,15,13,138.8
3,*2013,Oregon State,Pac-12,JR,QB,13,400,603,66.3,4662,7.7,7.8,37,15,146.6
4,2014,Oregon State,Pac-12,SR,QB,12,282,453,62.3,3164,7.0,6.9,15,8,128.3
5,Career,Oregon State,,,,,1187,1838,64.6,13600,7.4,7.0,83,54,135.8
0,Marcus Mariota,School,Conf,Class,Pos,G,Cmp,Att,Pct,Yds,Y/A,AY/A,TD,Int,Rate
1,*2012,Oregon,Pac-12,FR,QB,13,230,336,68.5,2677,8.0,9.1,32,6,163.2
2,*2013,Oregon,Pac-12,SO,QB,13,245,386,63.5,3665,9.5,10.6,31,4,167.7
3,*2014,Oregon,Pac-12,JR,QB,15,304,445,68.3,4454,10.0,11.5,42,4,181.7
4,Career,Oregon,,,,,779,1167,66.8,10796,9.3,10.5,105,14,171.8
0,Bryce Petty,School,Conf,Class,Pos,G,Cmp,Att,Pct,Yds,Y/A,AY/A,TD,Int,Rate
1,*2011,Baylor,Big 12,FR,QB,6,3,4,75.0,43,10.8,10.8,0,0,165.3
2,*2012,Baylor,Big 12,SO,QB,6,7,10,70.0,97,9.7,11.7,1,0,184.5
3,*2013,Baylor,Big 12,JR,QB,13,250,403,62.0,4200,10.4,11.7,32,3,174.3
4,*2014,Baylor,Big 12,SR,QB,12,270,428,63.1,3855,9.0,9.6,29,7,157.8
5,Career,Baylor,,,,,530,845,62.7,8195,9.7,10.6,62,10,166.0
0,Jameis Winston,School,Conf,Class,Pos,G,Cmp,Att,Pct,Yds,Y/A,AY/A,TD,Int,Rate
1,*2013,Florida State,ACC,FR,QB,14,257,384,66.9,4057,10.6,11.5,40,10,184.8
2,*2014,Florida State,ACC,SO,QB,13,305,467,65.3,3907,8.4,7.7,25,18,145.5
3,Career,Florida State,,,,,562,851,66.0,7964,9.4,9.4,65,28,163.3
0,Blake Bortles,School,Conf,Class,Pos,G,Cmp,Att,Pct,Yds,Y/A,AY/A,TD,Int,Rate
1,2011,UCF,CUSA,FR,QB,10,75,110,68.2,958,8.7,8.6,6,3,153.9
2,*2012,UCF,CUSA,SO,QB,14,251,399,62.9,3059,7.7,8.1,25,7,144.5
3,*2013,UCF,American,JR,QB,13,259,382,67.8,3581,9.4,9.6,25,9,163.4
4,Career,UCF,,,,,585,891,65.7,7598,8.5,8.8,56,19,153.8
0,Teddy Bridgewater,School,Conf,Class,Pos,G,Cmp,Att,Pct,Yds,Y/A,AY/A,TD,Int,Rate
1,*2011,Louisville,Big East,FR,QB,13,191,296,64.5,2129,7.2,6.3,14,12,132.4
2,*2012,Louisville,Big East,SO,QB,13,287,419,68.5,3718,8.9,9.3,27,8,160.5
3,*2013,Louisville,American,JR,QB,13,303,427,71.0,3970,9.3,10.3,31,4,171.1
4,Career,Louisville,,,,,781,1142,68.4,9817,8.6,8.9,72,24,157.2
0,Derek Carr,School,Conf,Class,Pos,G,Cmp,Att,Pct,Yds,Y/A,AY/A,TD,Int,Rate
1,*2009,Fresno State,WAC,FR,QB,5,10,14,71.4,112,8.0,8.0,0,0,138.6
2,2011,Fresno State,WAC,SO,QB,13,279,446,62.6,3544,7.9,8.2,26,9,144.5
3,*2012,Fresno State,MWC,JR,QB,13,344,511,67.3,4104,8.0,8.9,37,7,155.9
4,*2013,Fresno State,MWC,SR,QB,13,454,659,68.9,5083,7.7,8.7,50,8,156.3
5,Career,Fresno State,,,,,1087,1630,66.7,12843,7.9,8.6,113,24,152.8
0,David Fales,School,Conf,Class,Pos,G,Cmp,Att,Pct,Yds,Y/A,AY/A,TD,Int,Rate
1,*2012,San Jose State,WAC,JR,QB,13,327,451,72.5,4193,9.3,9.9,33,9,170.8
2,2013,San Jose State,MWC,SR,QB,12,312,487,64.1,4189,8.6,8.8,33,13,153.3
3,Career,San Jose State,,,,,639,938,68.1,8382,8.9,9.3,66,22,161.7
0,Johnny Manziel,School,Conf,Class,Pos,G,Cmp,Att,Pct,Yds,Y/A,AY/A,TD,Int,Rate
1,*2012,Texas A&M,SEC,FR,QB,13,295,434,68.0,3706,8.5,8.8,26,9,155.3
2,*2013,Texas A&M,SEC,SO,QB,13,300,429,69.9,4114,9.6,10.0,37,13,172.9
3,Career,Texas A&M,,,,,595,863,68.9,7820,9.1,9.4,63,22,164.1
0,A.J. McCarron,School,Conf,Class,Pos,G,Cmp,Att,Pct,Yds,Y/A,AY/A,TD,Int,Rate
1,*2010,Alabama,SEC,FR,QB,13,30,48,62.5,389,8.1,9.4,3,0,151.2
2,*2011,Alabama,SEC,SO,QB,13,219,328,66.8,2634,8.0,8.3,16,5,147.3
3,*2012,Alabama,SEC,JR,QB,14,211,314,67.2,2933,9.3,10.8,30,3,175.3
4,*2013,Alabama,SEC,SR,QB,13,226,336,67.3,3063,9.1,9.8,28,7,167.2
5,Career,Alabama,,,,,686,1026,66.9,9019,8.8,9.6,77,15,162.5
0,Zach Mettenberger,School,Conf,Class,Pos,G,Cmp,Att,Pct,Yds,Y/A,AY/A,TD,Int,Rate
1,*2011,LSU,SEC,SO,QB,5,8,11,72.7,92,8.4,10.2,1,0,173.0
2,*2012,LSU,SEC,JR,QB,13,207,352,58.8,2609,7.4,7.2,12,7,128.3
3,*2013,LSU,SEC,SR,QB,12,192,296,64.9,3082,10.4,10.7,22,8,171.4
4,Career,LSU,,,,,407,659,61.8,5783,8.8,8.8,35,15,148.4
0,Aaron Murray,School,Conf,Class,Pos,G,Cmp,Att,Pct,Yds,Y/A,AY/A,TD,Int,Rate
1,*2010,Georgia,SEC,FR,QB,13,209,342,61.1,3049,8.9,9.3,24,8,154.5
2,*2011,Georgia,SEC,SO,QB,14,238,403,59.1,3149,7.8,8.0,35,14,146.4
3,*2012,Georgia,SEC,JR,QB,14,249,386,64.5,3893,10.1,10.8,36,10,174.8
4,*2013,Georgia,SEC,SR,QB,11,225,347,64.8,3075,8.9,9.2,26,9,158.8
5,Career,Georgia,,,,,921,1478,62.3,13166,8.9,9.3,121,41,158.6
0,Tom Savage,School,Conf,Class,Pos,G,Cmp,Att,Pct,Yds,Y/A,AY/A,TD,Int,Rate
1,*2009,Rutgers,Big East,FR,QB,12,149,285,52.3,2211,7.8,7.6,14,7,128.7
2,2010,Rutgers,Big East,SO,QB,6,43,83,51.8,521,6.3,5.1,2,3,105.3
3,*2013,Pitt,ACC,SR,QB,13,238,389,61.2,2958,7.6,7.6,21,9,138.2
4,Career,Overall,,,,,430,757,56.8,5690,7.5,7.4,37,19,131.1
5,,Rutgers,,,,,192,368,52.2,2732,7.4,7.1,16,10,123.4
6,,Pitt,,,,,238,389,61.2,2958,7.6,7.6,21,9,138.2
0,Logan Thomas,School,Conf,Class,Pos,G,Cmp,Att,Pct,Yds,Y/A,AY/A,TD,Int,Rate
1,*2010,Virginia Tech,ACC,SO,QB,7,12,26,46.2,107,4.1,4.1,0,0,80.7
2,*2011,Virginia Tech,ACC,JR,QB,14,234,391,59.8,3013,7.7,7.5,19,10,135.5
3,*2012,Virginia Tech,ACC,SR,QB,13,220,429,51.3,2976,6.9,6.1,18,16,115.9
4,*2013,Virginia Tech,ACC,SR,QB,13,227,402,56.5,2907,7.2,6.5,15,13,123.1
5,Career,Virginia Tech,,,,,693,1248,55.5,9003,7.2,6.6,52,39,123.6
0,Keith Wenning,School,Conf,Class,Pos,G,Cmp,Att,Pct,Yds,Y/A,AY/A,TD,Int,Rate
1,2010,Ball State,MAC,FR,QB,12,128,235,54.5,1373,5.8,4.4,14,14,111.3
2,2011,Ball State,MAC,SO,QB,12,287,449,63.9,2786,6.2,5.9,19,11,125.1
3,*2012,Ball State,MAC,JR,QB,12,301,460,65.4,3095,6.7,6.8,24,10,134.8
4,*2013,Ball State,MAC,SR,QB,13,319,498,64.1,4148,8.3,9.1,35,7,154.4
5,Career,Ball State,,,,,1035,1642,63.0,11402,6.9,6.9,92,42,134.7
0,Matt Barkley,School,Conf,Class,Pos,G,Cmp,Att,Pct,Yds,Y/A,AY/A,TD,Int,Rate
1,*2009,USC,Pac-10,FR,QB,12,211,352,59.9,2735,7.8,6.8,15,14,131.3
2,2010,USC,Pac-10,SO,QB,12,236,377,62.6,2791,7.4,7.4,26,12,141.2
3,2011,USC,Pac-12,JR,QB,12,308,446,69.1,3528,7.9,9.0,39,7,161.2
4,*2012,USC,Pac-12,SR,QB,11,246,387,63.6,3273,8.5,8.6,36,15,157.6
5,Career,USC,,,,,1001,1562,64.1,12327,7.9,8.0,116,48,148.7
0,Zac Dysert,School,Conf,Class,Pos,G,Cmp,Att,Pct,Yds,Y/A,AY/A,TD,Int,Rate
1,2009,Miami (OH),MAC,FR,QB,11,247,401,61.6,2611,6.5,5.3,12,16,118.2
2,*2010,Miami (OH),MAC,SO,QB,11,222,343,64.7,2406,7.0,6.2,13,12,129.2
3,2011,Miami (OH),MAC,JR,QB,12,295,448,65.8,3513,7.8,7.8,23,11,143.7
4,2012,Miami (OH),MAC,SR,QB,12,302,480,62.9,3483,7.3,7.2,25,12,136.1
5,Career,Miami (OH),,,,,1066,1672,63.8,12013,7.2,6.7,73,51,132.4
0,Mike Glennon,School,Conf,Class,Pos,G,Cmp,Att,Pct,Yds,Y/A,AY/A,TD,Int,Rate
1,2009,North Carolina State,ACC,FR,QB,7,24,39,61.5,248,6.4,4.6,1,2,113.2
2,*2010,North Carolina State,ACC,SO,QB,3,9,13,69.2,78,6.0,6.0,0,0,119.6
3,*2011,North Carolina State,ACC,JR,QB,13,283,453,62.5,3054,6.7,6.9,31,12,136.4
4,*2012,North Carolina State,ACC,SR,QB,13,330,564,58.5,4031,7.1,6.9,31,17,130.7
5,Career,North Carolina State,,,,,646,1069,60.4,7411,6.9,6.8,63,31,132.3
0,Landry Jones,School,Conf,Class,Pos,G,Cmp,Att,Pct,Yds,Y/A,AY/A,TD,Int,Rate
1,*2009,Oklahoma,Big 12,FR,QB,13,261,449,58.1,3198,7.1,6.9,26,14,130.8
2,*2010,Oklahoma,Big 12,SO,QB,14,405,617,65.6,4718,7.6,8.0,38,12,146.3
3,*2011,Oklahoma,Big 12,JR,QB,13,355,562,63.2,4463,7.9,7.8,29,15,141.6
4,*2012,Oklahoma,Big 12,SR,QB,13,367,555,66.1,4267,7.7,7.9,30,11,144.6
5,Career,Oklahoma,,,,,1388,2183,63.6,16646,7.6,7.7,123,52,141.5
0,E.J. Manuel,School,Conf,Class,Pos,G,Cmp,Att,Pct,Yds,Y/A,AY/A,TD,Int,Rate
1,*2009,Florida State,ACC,FR,QB,7,69,106,65.1,817,7.7,5.5,2,6,124.7
2,*2010,Florida State,ACC,SO,QB,10,65,93,69.9,861,9.3,8.2,4,4,153.3
3,*2011,Florida State,ACC,JR,QB,12,203,311,65.3,2666,8.6,8.6,18,8,151.2
4,*2012,Florida State,ACC,SR,QB,14,263,387,68.0,3397,8.8,8.8,23,10,156.1
5,Career,Florida State,,,,,600,897,66.9,7741,8.6,8.3,47,28,150.4
0,Ryan Nassib,School,Conf,Class,Pos,G,Cmp,Att,Pct,Yds,Y/A,AY/A,TD,Int,Rate
1,2009,Syracuse,Big East,SO,QB,9,36,68,52.9,422,6.2,6.4,3,1,116.7
2,*2010,Syracuse,Big East,JR,QB,13,202,358,56.4,2334,6.5,6.6,19,8,124.2
3,2011,Syracuse,Big East,SR,QB,12,259,415,62.4,2685,6.5,6.6,22,9,129.9
4,*2012,Syracuse,Big East,SR,QB,13,294,471,62.4,3749,8.0,8.1,26,10,143.3
5,Career,Syracuse,,,,,791,1312,60.3,9190,7.0,7.1,70,28,132.5
0,Sean Renfree,School,Conf,Class,Pos,G,Cmp,Att,Pct,Yds,Y/A,AY/A,TD,Int,Rate
1,2009,Duke,ACC,FR,QB,6,34,50,68.0,330,6.6,6.4,4,2,141.8
2,2010,Duke,ACC,SO,QB,12,285,464,61.4,3131,6.7,5.7,14,17,120.7
3,2011,Duke,ACC,JR,QB,12,282,434,65.0,2891,6.7,6.2,14,11,126.5
4,*2012,Duke,ACC,SR,QB,12,297,441,67.3,3113,7.1,6.9,19,10,136.3
5,Career,Duke,,,,,898,1389,64.7,9465,6.8,6.3,51,40,128.2
0,Geno Smith,School,Conf,Class,Pos,G,Cmp,Att,Pct,Yds,Y/A,AY/A,TD,Int,Rate
1,*2009,West Virginia,Big East,FR,QB,5,32,49,65.3,309,6.3,5.8,1,1,120.9
2,*2010,West Virginia,Big East,SO,QB,13,241,372,64.8,2763,7.4,7.9,24,7,144.7
3,*2011,West Virginia,Big East,JR,QB,13,346,526,65.8,4385,8.3,8.9,31,7,152.6
4,*2012,West Virginia,Big 12,SR,QB,13,369,518,71.2,4205,8.1,9.2,42,6,163.9
5,Career,West Virginia,,,,,988,1465,67.4,11662,8.0,8.7,98,21,153.5
0,Tyler Wilson,School,Conf,Class,Pos,G,Cmp,Att,Pct,Yds,Y/A,AY/A,TD,Int,Rate
1,2008,Arkansas,SEC,FR,QB,2,11,22,50.0,69,3.1,0.0,1,2,73.2
2,*2009,Arkansas,SEC,FR,QB,5,22,36,61.1,218,6.1,4.7,2,2,119.2
3,*2010,Arkansas,SEC,SO,QB,6,34,51,66.7,453,8.9,7.8,4,3,155.4
4,*2011,Arkansas,SEC,JR,QB,13,277,438,63.2,3638,8.3,8.8,24,6,148.4
5,2012,Arkansas,SEC,SR,QB,11,249,401,62.1,3387,8.4,8.0,21,13,143.8
6,Career,Arkansas,,,,,593,948,62.6,7765,8.2,8.1,52,26,144.0
0,Kirk Cousins,School,Conf,Class,Pos,G,Cmp,Att,Pct,Yds,Y/A,AY/A,TD,Int,Rate
1,*2008,Michigan State,Big Ten,FR,QB,5,32,43,74.4,310,7.2,7.1,2,1,145.7
2,*2009,Michigan State,Big Ten,SO,QB,13,198,328,60.4,2680,8.2,8.1,19,9,142.6
3,*2010,Michigan State,Big Ten,JR,QB,13,226,338,66.9,2825,8.4,8.2,20,10,150.7
4,*2011,Michigan State,Big Ten,SR,QB,14,267,419,63.7,3316,7.9,8.0,25,10,145.1
5,Career,Michigan State,,,,,723,1128,64.1,9131,8.1,8.1,66,30,146.1
0,Nick Foles,School,Conf,Class,Pos,G,Cmp,Att,Pct,Yds,Y/A,AY/A,TD,Int,Rate
1,*2007,Michigan State,Big Ten,FR,QB,1,5,8,62.5,57,7.1,7.1,0,0,122.4
2,*2009,Arizona,Pac-10,SO,QB,12,260,410,63.4,2486,6.1,6.0,19,9,125.2
3,*2010,Arizona,Pac-10,JR,QB,11,286,426,67.1,3191,7.5,7.4,20,10,140.9
4,2011,Arizona,Pac-12,SR,QB,12,387,560,69.1,4334,7.7,7.6,28,14,145.6
5,Career,Overall,,,,,938,1404,66.8,10068,7.2,7.1,67,33,138.1
6,,Michigan State,,,,,5,8,62.5,57,7.1,7.1,0,0,122.4
7,,Arizona,,,,,933,1396,66.8,10011,7.2,7.1,67,33,138.2
0,Robert Griffin III,School,Conf,Class,Pos,G,Cmp,Att,Pct,Yds,Y/A,AY/A,TD,Int,Rate
1,2008,Baylor,Big 12,FR,QB,12,160,267,59.9,2091,7.8,8.4,15,3,142.0
2,2009,Baylor,Big 12,SO,QB,3,45,69,65.2,481,7.0,8.1,4,0,142.9
3,*2010,Baylor,Big 12,SO,QB,13,304,454,67.0,3501,7.7,7.9,22,8,144.2
4,*2011,Baylor,Big 12,JR,QB,13,291,402,72.4,4293,10.7,11.8,37,6,189.5
5,Career,Baylor,,,,,800,1192,67.1,10366,8.7,9.4,78,17,158.9
0,Chandler Harnish,School,Conf,Class,Pos,G,Cmp,Att,Pct,Yds,Y/A,AY/A,TD,Int,Rate
1,*2008,Northern Illinois,MAC,FR,QB,10,118,211,55.9,1528,7.2,6.1,8,9,120.7
2,*2009,Northern Illinois,MAC,SO,QB,10,143,223,64.1,1670,7.5,7.3,11,6,137.9
3,*2010,Northern Illinois,MAC,JR,QB,13,189,292,64.7,2530,8.7,9.3,21,5,157.8
4,*2011,Northern Illinois,MAC,SR,QB,14,237,384,61.7,3216,8.4,9.1,28,6,153.0
5,Career,Northern Illinois,,,,,687,1110,61.9,8944,8.1,8.2,68,26,145.1
0,Ryan Lindley,School,Conf,Class,Pos,G,Cmp,Att,Pct,Yds,Y/A,AY/A,TD,Int,Rate
1,2008,San Diego State,MWC,FR,QB,11,242,427,56.7,2653,6.2,6.0,16,9,117.0
2,2009,San Diego State,MWC,SO,QB,12,239,437,54.7,3054,7.0,6.4,23,16,123.4
3,*2010,San Diego State,MWC,JR,QB,13,243,421,57.7,3830,9.1,8.9,28,14,149.4
4,*2011,San Diego State,MWC,SR,QB,13,237,447,53.0,3153,7.1,7.3,23,8,125.7
5,Career,San Diego State,,,,,961,1732,55.5,12690,7.3,7.1,90,47,128.8
0,Andrew Luck,School,Conf,Class,Pos,G,Cmp,Att,Pct,Yds,Y/A,AY/A,TD,Int,Rate
1,*2009,Stanford,Pac-10,FR,QB,12,162,288,56.3,2575,8.9,9.2,13,4,143.5
2,*2010,Stanford,Pac-10,SO,QB,13,263,372,70.7,3338,9.0,9.7,32,8,170.2
3,*2011,Stanford,Pac-12,SR,QB,13,288,404,71.3,3517,8.7,9.4,37,10,169.7
4,Career,Stanford,,,,,713,1064,67.0,9430,8.9,9.5,82,22,162.8
0,Brock Osweiler,School,Conf,Class,Pos,G,Cmp,Att,Pct,Yds,Y/A,AY/A,TD,Int,Rate
1,2009,Arizona State,Pac-10,FR,QB,6,24,55,43.6,249,4.5,3.6,2,2,86.4
2,2010,Arizona State,Pac-10,SO,QB,6,62,109,56.9,797,7.3,8.2,5,0,133.4
3,*2011,Arizona State,Pac-12,JR,QB,13,326,516,63.2,4036,7.8,7.7,26,13,140.5
4,Career,Arizona State,,,,,412,680,60.6,5082,7.5,7.5,33,15,135.0
0,Ryan Tannehill,School,Conf,Class,Pos,G,Cmp,Att,Pct,Yds,Y/A,AY/A,TD,Int,Rate
1,2008,Texas A&M,Big 12,FR,WR,11,1,1,100.0,8,8.0,8.0,0,0,167.2
2,*2009,Texas A&M,Big 12,SO,QB,13,4,8,50.0,60,7.5,7.5,0,0,113.0
3,*2010,Texas A&M,Big 12,JR,WR,13,152,234,65.0,1638,7.0,7.0,13,6,137.0
4,*2011,Texas A&M,Big 12,SR,QB,13,327,531,61.6,3744,7.1,6.9,29,15,133.2
5,Career,Texas A&M,,,,,484,774,62.5,5450,7.0,6.9,42,21,134.2
0,Brandon Weeden,School,Conf,Class,Pos,G,Cmp,Att,Pct,Yds,Y/A,AY/A,TD,Int,Rate
1,*2008,Oklahoma State,Big 12,FR,QB,1,1,3,33.3,8,2.7,2.7,0,0,55.7
2,*2009,Oklahoma State,Big 12,SO,QB,3,15,24,62.5,248,10.3,11.8,4,1,196.0
3,*2010,Oklahoma State,Big 12,JR,QB,13,342,511,66.9,4277,8.4,8.6,34,13,154.1
4,*2011,Oklahoma State,Big 12,SR,QB,13,409,565,72.4,4727,8.4,8.6,37,13,159.7
5,Career,Oklahoma State,,,,,767,1103,69.5,9260,8.4,8.7,75,27,157.6
0,Russell Wilson,School,Conf,Class,Pos,G,Cmp,Att,Pct,Yds,Y/A,AY/A,TD,Int,Rate
1,*2008,North Carolina State,ACC,FR,QB,11,150,275,54.5,1955,7.1,8.2,17,1,133.9
2,2009,North Carolina State,ACC,SO,QB,12,224,378,59.3,3027,8.0,8.3,31,11,147.8
3,*2010,North Carolina State,ACC,JR,QB,13,308,527,58.4,3563,6.8,6.6,28,14,127.5
4,*2011,Wisconsin,Big Ten,SR,QB,14,225,309,72.8,3175,10.3,11.8,33,4,191.8
5,Career,Overall,,,,,907,1489,60.9,11720,7.9,8.4,109,30,147.2
6,,North Carolina State,,,,,682,1180,57.8,8545,7.2,7.5,76,26,135.5
7,,Wisconsin,,,,,225,309,72.8,3175,10.3,11.8,33,4,191.8
0,Andy Dalton,School,Conf,Class,Pos,G,Cmp,Att,Pct,Yds,Y/A,AY/A,TD,Int,Rate
1,*2007,Texas Christian,MWC,FR,QB,13,222,371,59.8,2459,6.6,5.8,10,11,118.5
2,*2008,Texas Christian,MWC,SO,QB,11,182,307,59.3,2242,7.3,7.3,11,5,129.2
3,*2009,Texas Christian,MWC,JR,QB,13,199,323,61.6,2756,8.5,8.8,23,8,151.8
4,*2010,Texas Christian,MWC,SR,QB,13,209,316,66.1,2857,9.0,9.9,27,6,166.5
5,Career,Texas Christian,,,,,812,1317,61.7,10314,7.8,7.9,71,30,140.7
0,Nathan Enderle,School,Conf,Class,Pos,G,Cmp,Att,Pct,Yds,Y/A,AY/A,TD,Int,Rate
1,2007,Idaho,WAC,SO,QB,10,132,298,44.3,1787,6.0,3.9,10,18,93.7
2,2008,Idaho,WAC,SO,QB,12,184,339,54.3,2077,6.1,5.1,20,17,115.2
3,*2009,Idaho,WAC,JR,QB,11,192,312,61.5,2906,9.3,9.4,22,9,157.3
4,2010,Idaho,WAC,SR,QB,13,271,478,56.7,3314,6.9,6.3,22,16,123.4
5,Career,Idaho,,,,,779,1427,54.6,10084,7.1,6.2,74,60,122.7
0,Blaine Gabbert,School,Conf,Class,Pos,G,Cmp,Att,Pct,Yds,Y/A,AY/A,TD,Int,Rate
1,*2008,Missouri,Big 12,FR,QB,5,5,13,38.5,43,3.3,3.3,0,0,66.2
2,*2009,Missouri,Big 12,SO,QB,13,262,445,58.9,3593,8.1,8.2,24,9,140.5
3,*2010,Missouri,Big 12,JR,QB,13,301,475,63.4,3186,6.7,6.5,16,9,127.0
4,Career,Missouri,,,,,568,933,60.9,6822,7.3,7.3,40,18,132.6
0,Colin Kaepernick,School,Conf,Class,Pos,G,Cmp,Att,Pct,Yds,Y/A,AY/A,TD,Int,Rate
1,*2007,Nevada,WAC,FR,QB,11,133,247,53.8,2175,8.8,9.8,19,3,150.8
2,*2008,Nevada,WAC,SO,QB,13,208,383,54.3,2849,7.4,7.8,22,7,132.1
3,*2009,Nevada,WAC,JR,QB,13,166,282,58.9,2052,7.3,7.7,20,6,139.1
4,*2010,Nevada,WAC,SR,QB,14,233,359,64.9,3022,8.4,8.6,21,8,150.5
5,Career,Nevada,,,,,740,1271,58.2,10098,7.9,8.4,82,24,142.5
0,Jake Locker,School,Conf,Class,Pos,G,Cmp,Att,Pct,Yds,Y/A,AY/A,TD,Int,Rate
1,2007,Washington,Pac-10,FR,QB,12,155,328,47.3,2062,6.3,5.1,14,15,105.0
2,2008,Washington,Pac-10,SO,QB,4,50,93,53.8,512,5.5,5.7,1,0,103.6
3,2009,Washington,Pac-10,JR,QB,12,230,394,58.4,2800,7.1,6.9,21,11,130.1
4,*2010,Washington,Pac-10,SR,QB,12,184,332,55.4,2265,6.8,6.6,17,9,124.2
5,Career,Washington,,,,,619,1147,54.0,7639,6.7,6.2,53,35,119.1
0,Ryan Mallett,School,Conf,Class,Pos,G,Cmp,Att,Pct,Yds,Y/A,AY/A,TD,Int,Rate
1,*2007,Michigan,Big Ten,FR,QB,11,61,141,43.3,892,6.3,5.7,7,5,105.7
2,*2009,Arkansas,SEC,SO,QB,13,225,403,55.8,3624,9.0,9.7,30,7,152.5
3,*2010,Arkansas,SEC,JR,QB,13,266,411,64.7,3869,9.4,9.7,32,12,163.6
4,Career,Overall,,,,,552,955,57.8,8385,8.8,9.1,69,24,150.4
5,,Michigan,,,,,61,141,43.3,892,6.3,5.7,7,5,105.7
6,,Arkansas,,,,,491,814,60.3,7493,9.2,9.7,62,19,158.1
0,Greg McElroy,School,Conf,Class,Pos,G,Cmp,Att,Pct,Yds,Y/A,AY/A,TD,Int,Rate
1,*2007,Alabama,SEC,FR,QB,2,8,9,88.9,73,8.1,10.3,1,0,193.7
2,*2008,Alabama,SEC,SO,QB,6,8,11,72.7,123,11.2,8.9,1,1,178.5
3,*2009,Alabama,SEC,JR,QB,14,198,325,60.9,2508,7.7,8.2,17,4,140.5
4,*2010,Alabama,SEC,SR,QB,13,222,313,70.9,2987,9.5,10.1,20,5,169.0
5,Career,Alabama,,,,,436,658,66.3,5691,8.6,9.2,39,10,155.4
0,Cam Newton,School,Conf,Class,Pos,G,Cmp,Att,Pct,Yds,Y/A,AY/A,TD,Int,Rate
1,*2007,Florida,SEC,FR,QB,5,5,10,50.0,40,4.0,4.0,0,0,83.6
2,*2008,Florida,SEC,SO,QB,1,1,2,50.0,14,7.0,7.0,0,0,108.8
3,*2010,Auburn,SEC,JR,QB,14,185,280,66.1,2854,10.2,11.2,30,7,182.0
4,Career,Overall,,,,,191,292,65.4,2908,10.0,10.9,30,7,178.2
5,,Florida,,,,,6,12,50.0,54,4.5,4.5,0,0,87.8
6,,Auburn,,,,,185,280,66.1,2854,10.2,11.2,30,7,182.0
0,Christian Ponder,School,Conf,Class,Pos,G,Cmp,Att,Pct,Yds,Y/A,AY/A,TD,Int,Rate
1,*2007,Florida State,ACC,FR,QB,1,8,18,44.4,105,5.8,1.9,1,2,89.6
2,*2008,Florida State,ACC,SO,QB,13,177,318,55.7,2006,6.3,5.3,14,13,115.0
3,*2009,Florida State,ACC,JR,QB,9,227,330,68.8,2717,8.2,8.1,14,7,147.7
4,*2010,Florida State,ACC,SR,QB,12,184,299,61.5,2044,6.8,7.0,20,8,135.7
5,Career,Florida State,,,,,596,965,61.8,6872,7.1,6.7,49,30,132.1
0,Ricky Stanzi,School,Conf,Class,Pos,G,Cmp,Att,Pct,Yds,Y/A,AY/A,TD,Int,Rate
1,2007,Iowa,Big Ten,,QB,2,0,4,0.0,0,0.0,-11.3,0,1,-50.0
2,*2008,Iowa,Big Ten,,QB,13,150,254,59.1,1956,7.7,7.2,14,9,134.8
3,*2009,Iowa,Big Ten,,QB,11,171,304,56.3,2417,8.0,6.8,17,15,131.6
4,*2010,Iowa,Big Ten,,QB,13,221,345,64.1,3004,8.7,9.4,25,6,157.6
5,Career,Iowa,,,,,542,907,59.8,7377,8.1,7.8,56,31,141.6
0,Tyrod Taylor,School,Conf,Class,Pos,G,Cmp,Att,Pct,Yds,Y/A,AY/A,TD,Int,Rate
1,*2007,Virginia Tech,ACC,FR,QB,11,72,134,53.7,927,6.9,6.7,5,3,119.7
2,*2008,Virginia Tech,ACC,SO,QB,12,99,173,57.2,1036,6.0,4.4,2,7,103.3
3,*2009,Virginia Tech,ACC,JR,QB,13,136,243,56.0,2311,9.5,9.7,13,5,149.4
4,*2010,Virginia Tech,ACC,SR,QB,14,188,315,59.7,2743,8.7,9.5,24,5,154.8
5,Career,Virginia Tech,,,,,495,865,57.2,7017,8.1,8.1,44,20,137.5
0,T.J. Yates,School,Conf,Class,Pos,G,Cmp,Att,Pct,Yds,Y/A,AY/A,TD,Int,Rate
1,2007,North Carolina,ACC,FR,QB,12,218,365,59.7,2655,7.3,5.8,14,18,123.6
2,*2008,North Carolina,ACC,SO,QB,7,81,135,60.0,1168,8.7,8.9,11,4,153.6
3,*2009,North Carolina,ACC,JR,QB,13,214,355,60.3,2136,6.0,4.9,14,15,115.4
4,*2010,North Carolina,ACC,SR,QB,13,282,422,66.8,3418,8.1,8.0,19,9,145.5
5,Career,North Carolina,,,,,795,1277,62.3,9377,7.3,6.6,58,46,131.7
0,Sam Bradford,School,Conf,Class,Pos,G,Cmp,Att,Pct,Yds,Y/A,AY/A,TD,Int,Rate
1,*2007,Oklahoma,Big 12,FR,QB,14,237,341,69.5,3121,9.2,10.2,36,8,176.5
2,*2008,Oklahoma,Big 12,SO,QB,14,328,483,67.9,4720,9.8,11.1,50,8,180.8
3,*2009,Oklahoma,Big 12,JR,QB,3,39,69,56.5,562,8.1,8.7,2,0,134.5
4,Career,Oklahoma,,,,,604,893,67.6,8403,9.4,10.6,88,16,175.6
0,Jimmy Clausen,School,Conf,Class,Pos,G,Cmp,Att,Pct,Yds,Y/A,AY/A,TD,Int,Rate
1,2007,Notre Dame,Ind,FR,QB,10,138,245,56.3,1254,5.1,4.6,7,6,103.9
2,*2008,Notre Dame,Ind,SO,QB,13,268,440,60.9,3172,7.2,6.6,25,17,132.5
3,2009,Notre Dame,Ind,JR,QB,12,289,425,68.0,3722,8.8,9.7,28,4,161.4
4,Career,Notre Dame,,,,,695,1110,62.6,8148,7.3,7.3,60,27,137.2
0,Mike Kafka,School,Conf,Class,Pos,G,Cmp,Att,Pct,Yds,Y/A,AY/A,TD,Int,Rate
1,2006,Northwestern,Big Ten,FR,QB,5,55,96,57.3,494,5.1,3.0,1,5,93.5
2,2007,Northwestern,Big Ten,SO,QB,4,2,3,66.7,11,3.7,3.7,0,0,97.5
3,*2008,Northwestern,Big Ten,JR,QB,8,32,46,69.6,330,7.2,5.1,2,3,131.1
4,*2009,Northwestern,Big Ten,SR,QB,13,319,492,64.8,3430,7.0,6.5,16,12,129.3
5,Career,Northwestern,,,,,408,637,64.1,4265,6.7,5.9,19,20,123.9
0,Dan Lefevour,School,Conf,Class,Pos,G,Cmp,Att,Pct,Yds,Y/A,AY/A,TD,Int,Rate
1,*2006,Central Michigan,MAC,FR,QB,14,247,388,63.7,3031,7.8,8.0,26,10,146.2
2,*2007,Central Michigan,MAC,SO,QB,14,355,543,65.4,3652,6.7,6.6,27,13,133.5
3,*2008,Central Michigan,MAC,JR,QB,11,251,376,66.8,2784,7.4,7.8,21,6,144.2
4,*2009,Central Michigan,MAC,SR,QB,14,318,456,69.7,3438,7.5,8.1,28,7,150.3
5,Career,Central Michigan,,,,,1171,1763,66.4,12905,7.3,7.6,102,36,142.9
0,Colt McCoy,School,Conf,Class,Pos,G,Cmp,Att,Pct,Yds,Y/A,AY/A,TD,Int,Rate
1,*2006,Texas,Big 12,FR,QB,13,217,318,68.2,2570,8.1,8.9,29,7,161.8
2,*2007,Texas,Big 12,SO,QB,13,276,424,65.1,3303,7.8,6.9,22,18,139.2
3,*2008,Texas,Big 12,JR,QB,13,332,433,76.7,3859,8.9,9.7,34,8,173.8
4,*2009,Texas,Big 12,SR,QB,14,332,470,70.6,3521,7.5,7.5,27,12,147.4
5,Career,Texas,,,,,1157,1645,70.3,13253,8.1,8.2,112,45,155.0
0,Tony Pike,School,Conf,Class,Pos,G,Cmp,Att,Pct,Yds,Y/A,AY/A,TD,Int,Rate
1,*2007,Cincinnati,Big East,SO,QB,5,11,20,55.0,91,4.6,-1.2,1,3,79.7
2,*2008,Cincinnati,Big East,JR,QB,12,199,324,61.4,2407,7.4,7.1,19,11,136.4
3,*2009,Cincinnati,Big East,SR,QB,10,211,338,62.4,2520,7.5,8.4,29,6,149.8
4,Career,Cincinnati,,,,,421,682,61.7,5018,7.4,7.5,49,20,141.4
0,Zac Robinson,School,Conf,Class,Pos,G,Cmp,Att,Pct,Yds,Y/A,AY/A,TD,Int,Rate
1,*2006,Oklahoma State,Big 12,FR,QB,7,25,51,49.0,345,6.8,7.9,3,0,125.3
2,*2007,Oklahoma State,Big 12,SO,QB,13,201,333,60.4,2824,8.5,8.6,23,9,149.0
3,*2008,Oklahoma State,Big 12,JR,QB,13,204,314,65.0,3064,9.8,9.9,25,10,166.8
4,*2009,Oklahoma State,Big 12,SR,QB,12,180,301,59.8,2084,6.9,6.1,15,12,126.4
5,Career,Oklahoma State,,,,,610,999,61.1,8317,8.3,8.3,66,31,146.6
0,Tim Tebow,School,Conf,Class,Pos,G,Cmp,Att,Pct,Yds,Y/A,AY/A,TD,Int,Rate
1,*2006,Florida,SEC,FR,QB,14,22,33,66.7,358,10.8,12.5,5,1,201.7
2,*2007,Florida,SEC,SO,QB,13,234,350,66.9,3286,9.4,10.4,32,6,172.5
3,*2008,Florida,SEC,JR,QB,14,192,298,64.4,2746,9.2,10.6,30,4,172.4
4,*2009,Florida,SEC,SR,QB,14,213,314,67.8,2895,9.2,9.8,21,5,164.2
5,Career,Florida,,,,,661,995,66.4,9285,9.3,10.4,88,16,170.8
0,Tom Brandstater,School,Conf,Class,Pos,G,Cmp,Att,Pct,Yds,Y/A,AY/A,TD,Int,Rate
1,*2005,Fresno State,WAC,SO,QB,8,6,13,46.2,49,3.8,1.8,1,1,87.8
2,2006,Fresno State,WAC,SO,QB,11,146,268,54.5,1490,5.6,4.2,13,14,106.7
3,*2007,Fresno State,WAC,JR,QB,13,211,337,62.6,2654,7.9,8.1,15,5,140.5
4,*2008,Fresno State,WAC,SR,QB,13,221,371,59.6,2664,7.2,6.7,18,12,129.4
5,Career,Fresno State,,,,,584,989,59.0,6857,6.9,6.4,47,32,126.5
0,Josh Freeman,School,Conf,Class,Pos,G,Cmp,Att,Pct,Yds,Y/A,AY/A,TD,Int,Rate
1,*2006,Kansas State,Big 12,FR,QB,11,140,270,51.9,1780,6.6,4.5,6,15,103.5
2,2007,Kansas State,Big 12,SO,QB,12,316,499,63.3,3353,6.7,6.4,18,11,127.3
3,2008,Kansas State,Big 12,JR,QB,12,224,382,58.6,2945,7.7,7.8,20,8,136.5
4,Career,Kansas State,,,,,680,1151,59.1,8078,7.0,6.5,44,34,124.7
0,Stephen McGee,School,Conf,Class,Pos,G,Cmp,Att,Pct,Yds,Y/A,AY/A,TD,Int,Rate
1,2005,Texas A&M,Big 12,FR,QB,8,24,53,45.3,283,5.3,5.2,2,1,98.8
2,*2006,Texas A&M,Big 12,SO,QB,13,194,313,62.0,2295,7.3,7.8,12,2,134.9
3,*2007,Texas A&M,Big 12,JR,QB,13,211,364,58.0,2311,6.3,6.0,12,8,117.8
4,2008,Texas A&M,Big 12,SR,QB,6,56,85,65.9,586,6.9,6.3,2,2,126.9
5,Career,Texas A&M,,,,,485,815,59.5,5475,6.7,6.7,28,13,124.1
0,Curtis Painter,School,Conf,Class,Pos,G,Cmp,Att,Pct,Yds,Y/A,AY/A,TD,Int,Rate
1,2005,Purdue,Big Ten,FR,QB,9,89,170,52.4,932,5.5,4.5,3,5,98.3
2,*2006,Purdue,Big Ten,SO,QB,14,315,530,59.4,3985,7.5,6.7,22,19,129.1
3,*2007,Purdue,Big Ten,JR,QB,13,356,569,62.6,3846,6.8,6.9,29,11,132.3
4,2008,Purdue,Big Ten,SR,QB,10,227,379,59.9,2400,6.3,5.7,13,11,118.6
5,Career,Purdue,,,,,987,1648,59.9,11163,6.8,6.3,67,46,124.6
0,Mark Sanchez,School,Conf,Class,Pos,G,Cmp,Att,Pct,Yds,Y/A,AY/A,TD,Int,Rate
1,*2006,USC,Pac-10,FR,QB,6,3,7,42.9,63,9.0,2.6,0,1,89.9
2,*2007,USC,Pac-10,SO,QB,8,69,114,60.5,695,6.1,5.4,7,5,123.2
3,*2008,USC,Pac-10,JR,QB,13,241,366,65.8,3207,8.8,9.4,34,10,164.6
4,Career,USC,,,,,313,487,64.3,3965,8.1,8.3,41,16,153.9
0,Matthew Stafford,School,Conf,Class,Pos,G,Cmp,Att,Pct,Yds,Y/A,AY/A,TD,Int,Rate
1,*2006,Georgia,SEC,FR,QB,13,135,256,52.7,1749,6.8,5.1,7,13,109.0
2,*2007,Georgia,SEC,SO,QB,13,194,348,55.7,2523,7.3,7.0,19,10,128.9
3,*2008,Georgia,SEC,JR,QB,13,235,383,61.4,3459,9.0,9.2,25,10,153.5
4,Career,Georgia,,,,,564,987,57.1,7731,7.8,7.4,51,33,133.3
0,Pat White,School,Conf,Class,Pos,G,Cmp,Att,Pct,Yds,Y/A,AY/A,TD,Int,Rate
1,*2005,West Virginia,Big East,FR,QB,12,65,114,57.0,828,7.3,6.7,8,5,132.4
2,*2006,West Virginia,Big East,SO,QB,12,118,179,65.9,1655,9.2,8.9,13,7,159.7
3,*2007,West Virginia,Big East,JR,QB,13,144,216,66.7,1724,8.0,8.4,14,4,151.4
4,*2008,West Virginia,Big East,SR,QB,12,180,274,65.7,1842,6.7,7.1,21,7,142.3
5,Career,West Virginia,,,,,507,783,64.8,6049,7.7,7.8,56,23,147.4
0,Erik Ainge,School,Conf,Class,Pos,G,Cmp,Att,Pct,Yds,Y/A,AY/A,TD,Int,Rate
1,*2004,Tennessee,SEC,FR,QB,9,109,198,55.1,1452,7.3,7.0,17,9,135.9
2,2005,Tennessee,SEC,SO,QB,8,66,145,45.5,737,5.1,3.6,5,7,89.9
3,*2006,Tennessee,SEC,JR,QB,12,233,348,67.0,2989,8.6,8.5,19,9,151.9
4,*2007,Tennessee,SEC,SR,QB,14,325,519,62.6,3522,6.8,7.1,31,10,135.5
5,Career,Tennessee,,,,,733,1210,60.6,8700,7.2,7.1,72,35,134.8
0,Colt Brennan,School,Conf,Class,Pos,G,Cmp,Att,Pct,Yds,Y/A,AY/A,TD,Int,Rate
1,2005,Hawaii,WAC,SO,QB,12,350,515,68.0,4301,8.4,8.6,35,13,155.5
2,*2006,Hawaii,WAC,JR,QB,14,406,559,72.6,5549,9.9,11.0,58,12,186.0
3,*2007,Hawaii,WAC,SR,QB,12,359,510,70.4,4343,8.5,8.5,38,17,159.8
4,Career,Hawaii,,,,,1115,1584,70.4,14193,9.0,9.4,131,42,167.6
0,Alex Brink,School,Conf,Class,Pos,G,Cmp,Att,Pct,Yds,Y/A,AY/A,TD,Int,Rate
1,2004,Washington State,Pac-10,FR,QB,11,97,194,50.0,1305,6.7,6.3,7,5,113.3
2,2005,Washington State,Pac-10,SO,QB,11,205,358,57.3,2891,8.1,7.8,24,13,140.0
3,2006,Washington State,Pac-10,JR,QB,12,241,396,60.9,2899,7.3,7.1,19,10,133.1
4,2007,Washington State,Pac-10,SR,QB,12,305,503,60.6,3818,7.6,7.3,26,15,135.5
5,Career,Washington State,,,,,848,1451,58.4,10913,7.5,7.2,76,43,133.0
0,Brian Brohm,School,Conf,Class,Pos,G,Cmp,Att,Pct,Yds,Y/A,AY/A,TD,Int,Rate
1,*2004,Louisville,CUSA,FR,QB,11,66,98,67.3,819,8.4,8.7,6,2,153.7
2,*2005,Louisville,Big East,SO,QB,10,207,301,68.8,2883,9.6,10.1,19,5,166.7
3,*2006,Louisville,Big East,JR,QB,11,199,313,63.6,3049,9.7,10.0,16,5,159.1
4,2007,Louisville,Big East,SR,QB,12,308,473,65.1,4024,8.5,8.6,30,12,152.4
5,Career,Louisville,,,,,780,1185,65.8,10775,9.1,9.4,71,24,157.9
0,Dennis Dixon,School,Conf,Class,Pos,G,Cmp,Att,Pct,Yds,Y/A,AY/A,TD,Int,Rate
1,2004,Oregon,Pac-10,FR,QB,6,6,15,40.0,73,4.9,4.9,0,0,80.9
2,*2005,Oregon,Pac-10,SO,QB,12,69,104,66.3,777,7.5,7.3,6,3,142.4
3,*2006,Oregon,Pac-10,JR,QB,12,197,322,61.2,2143,6.7,5.4,12,14,120.7
4,*2007,Oregon,Pac-10,SR,QB,10,172,254,67.7,2136,8.4,9.3,20,4,161.2
5,Career,Oregon,,,,,444,695,63.9,5129,7.4,7.1,38,21,137.9
0,Joe Flacco,School,Conf,Class,Pos,G,Cmp,Att,Pct,Yds,Y/A,AY/A,TD,Int,Rate
1,*2004,Pitt,Big East,FR,QB,3,1,4,25.0,11,2.8,2.8,0,0,48.1
2,Career,Pitt,,,,,1,4,25.0,11,2.8,2.8,0,0,48.1
0,Matt Flynn,School,Conf,Class,Pos,G,Cmp,Att,Pct,Yds,Y/A,AY/A,TD,Int,Rate
1,*2004,LSU,SEC,FR,QB,10,4,10,40.0,99,9.9,11.9,1,0,156.2
2,*2005,LSU,SEC,SO,QB,9,27,48,56.3,457,9.5,11.5,7,1,180.2
3,*2006,LSU,SEC,JR,QB,10,12,20,60.0,133,6.7,6.4,2,1,138.9
4,*2007,LSU,SEC,SR,QB,12,202,359,56.3,2407,6.7,6.5,21,11,125.8
5,Career,LSU,,,,,245,437,56.1,3096,7.1,7.2,31,13,133.0
0,Chad Henne,School,Conf,Class,Pos,G,Cmp,Att,Pct,Yds,Y/A,AY/A,TD,Int,Rate
1,*2004,Michigan,Big Ten,FR,QB,12,240,399,60.2,2743,6.9,6.8,25,12,132.6
2,*2005,Michigan,Big Ten,SO,QB,12,223,382,58.4,2526,6.6,6.9,23,8,129.6
3,*2006,Michigan,Big Ten,JR,QB,13,203,328,61.9,2508,7.6,7.9,22,8,143.4
4,*2007,Michigan,Big Ten,SR,QB,10,162,278,58.3,1938,7.0,6.7,17,9,130.5
5,Career,Michigan,,,,,828,1387,59.7,9715,7.0,7.1,87,37,133.9
0,Kevin O'Connell,School,Conf,Class,Pos,G,Cmp,Att,Pct,Yds,Y/A,AY/A,TD,Int,Rate
1,2004,San Diego State,MWC,FR,QB,9,115,236,48.7,1328,5.6,4.7,9,9,101.0
2,2005,San Diego State,MWC,SO,QB,12,233,375,62.1,2663,7.1,6.7,19,12,132.1
3,2006,San Diego State,MWC,JR,QB,6,59,101,58.4,635,6.3,4.7,3,5,111.1
4,2007,San Diego State,MWC,SR,QB,12,257,439,58.5,3063,7.0,6.8,15,8,124.8
5,Career,San Diego State,,,,,664,1151,57.7,7689,6.7,6.2,46,34,121.1
0,Matt Ryan,School,Conf,Class,Pos,G,Cmp,Att,Pct,Yds,Y/A,AY/A,TD,Int,Rate
1,*2004,Boston College,Big East,FR,QB,7,35,71,49.3,350,4.9,3.6,2,3,91.5
2,*2005,Boston College,ACC,SO,QB,10,121,195,62.1,1514,7.8,7.4,8,5,135.7
3,*2006,Boston College,ACC,JR,QB,12,263,427,61.6,2942,6.9,6.5,15,10,126.4
4,*2007,Boston College,ACC,SR,QB,14,388,654,59.3,4507,6.9,6.5,31,19,127.0
5,Career,Boston College,,,,,807,1347,59.9,9313,6.9,6.5,56,37,126.2
0,Andre Woodson,School,Conf,Class,Pos,G,Cmp,Att,Pct,Yds,Y/A,AY/A,TD,Int,Rate
1,2004,Kentucky,SEC,FR,QB,7,54,88,61.4,492,5.6,5.5,2,1,113.6
2,2005,Kentucky,SEC,SO,QB,11,146,253,57.7,1644,6.5,5.9,6,6,115.4
3,*2006,Kentucky,SEC,JR,QB,13,264,419,63.0,3515,8.4,9.1,31,7,154.5
4,*2007,Kentucky,SEC,SR,QB,13,327,518,63.1,3709,7.2,7.7,40,11,144.5
5,Career,Kentucky,,,,,791,1278,61.9,9360,7.3,7.7,79,25,139.9
0,John Beck,School,Conf,Class,Pos,G,Cmp,Att,Pct,Yds,Y/A,AY/A,TD,Int,Rate
1,2003,Brigham Young,MWC,FR,QB,8,73,145,50.3,864,6.0,5.1,5,5,104.9
2,2004,Brigham Young,MWC,SO,QB,11,192,343,56.0,2563,7.5,7.3,15,8,128.5
3,*2005,Brigham Young,MWC,JR,QB,12,331,513,64.5,3709,7.2,7.1,27,13,137.6
4,*2006,Brigham Young,MWC,SR,QB,12,289,417,69.3,3885,9.3,10.0,32,8,169.1
5,Career,Brigham Young,,,,,885,1418,62.4,11021,7.8,7.8,79,34,141.3
0,Trent Edwards,School,Conf,Class,Pos,G,Cmp,Att,Pct,Yds,Y/A,AY/A,TD,Int,Rate
1,2003,Stanford,Pac-10,FR,QB,8,77,170,45.3,750,4.4,2.5,4,9,79.5
2,2004,Stanford,Pac-10,SO,QB,9,148,271,54.6,1718,6.3,5.2,9,11,110.7
3,2005,Stanford,Pac-10,SR,QB,11,168,268,62.7,1934,7.2,7.3,17,7,139.0
4,2006,Stanford,Pac-10,SR,QB,7,94,156,60.3,1027,6.6,5.6,6,6,120.6
5,Career,Stanford,,,,,487,865,56.3,5429,6.3,5.4,36,33,115.1
0,Kevin Kolb,School,Conf,Class,Pos,G,Cmp,Att,Pct,Yds,Y/A,AY/A,TD,Int,Rate
1,*2003,Houston,CUSA,,QB,13,220,360,61.1,3131,8.7,9.3,25,6,153.8
2,2004,Houston,CUSA,SO,QB,11,198,353,56.1,2766,7.8,7.7,11,6,128.8
3,*2005,Houston,CUSA,JR,QB,12,254,420,60.5,3258,7.8,7.1,19,15,133.4
4,*2006,Houston,CUSA,SR,QB,14,292,432,67.6,3809,8.8,9.8,30,4,162.7
5,Career,Houston,,,,,964,1565,61.6,12964,8.3,8.5,85,31,145.1
0,Jordan Palmer,School,Conf,Class,Pos,G,Cmp,Att,Pct,Yds,Y/A,AY/A,TD,Int,Rate
1,2003,UTEP,WAC,FR,QB,10,98,198,49.5,1168,5.9,3.7,7,13,97.6
2,*2004,UTEP,WAC,SO,QB,12,213,366,58.2,2818,7.7,6.9,26,18,136.5
3,*2005,UTEP,CUSA,JR,QB,12,258,434,59.4,3503,8.1,7.4,29,19,140.5
4,2006,UTEP,CUSA,SR,QB,12,282,429,65.7,3595,8.4,8.1,26,14,149.6
5,Career,UTEP,,,,,851,1427,59.6,11084,7.8,7.0,88,64,136.3
0,Brady Quinn,School,Conf,Class,Pos,G,Cmp,Att,Pct,Yds,Y/A,AY/A,TD,Int,Rate
1,2003,Notre Dame,Ind,FR,QB,12,157,332,47.3,1831,5.5,4.0,9,15,93.5
2,*2004,Notre Dame,Ind,SO,QB,12,191,353,54.1,2586,7.3,7.0,17,10,125.9
3,*2005,Notre Dame,Ind,JR,QB,12,292,450,64.9,3919,8.7,9.4,32,7,158.4
4,*2006,Notre Dame,Ind,SR,QB,13,289,467,61.9,3426,7.3,8.2,37,7,146.7
5,Career,Notre Dame,,,,,929,1602,58.0,11762,7.3,7.4,95,39,134.4
0,Jeff Rowe,School,Conf,Class,Pos,G,Cmp,Att,Pct,Yds,Y/A,AY/A,TD,Int,Rate
1,2002,Nevada,WAC,FR,QB,6,17,26,65.4,138,5.3,6.1,1,0,122.7
2,2003,Nevada,WAC,SO,QB,3,22,47,46.8,259,5.5,3.1,1,3,87.4
3,2004,Nevada,WAC,JR,QB,12,230,394,58.4,2633,6.7,6.1,15,12,121.0
4,*2005,Nevada,WAC,SR,QB,12,241,389,62.0,2925,7.5,7.4,21,10,137.8
5,*2006,Nevada,WAC,SR,QB,12,172,266,64.7,1907,7.2,7.1,17,8,140.0
6,Career,Nevada,,,,,682,1122,60.8,7862,7.0,6.7,55,33,129.9
0,JaMarcus Russell,School,Conf,Class,Pos,G,Cmp,Att,Pct,Yds,Y/A,AY/A,TD,Int,Rate
1,*2004,LSU,SEC,SO,QB,11,73,144,50.7,1053,7.3,7.3,9,4,127.2
2,*2005,LSU,SEC,JR,QB,12,188,311,60.5,2443,7.9,7.5,15,9,136.6
3,*2006,LSU,SEC,JR,QB,13,232,342,67.8,3129,9.1,9.7,28,8,167.0
4,Career,LSU,,,,,493,797,61.9,6625,8.3,8.4,52,21,147.9
0,Troy Smith,School,Conf,Class,Pos,G,Cmp,Att,Pct,Yds,Y/A,AY/A,TD,Int,Rate
1,*2003,Ohio State,Big Ten,SO,QB,11,,,,,,,,,
2,*2004,Ohio State,Big Ten,JR,QB,8,68,122,55.7,896,7.3,7.5,8,3,134.2
3,*2005,Ohio State,Big Ten,SR,QB,11,149,237,62.9,2282,9.6,10.2,16,4,162.7
4,*2006,Ohio State,Big Ten,SR,QB,13,203,311,65.3,2542,8.2,9.2,30,6,161.9
5,Career,Ohio State,,,,,420,670,62.7,5720,8.5,9.3,54,13,157.1
0,Isaiah Stanback,School,Conf,Class,Pos,G,Cmp,Att,Pct,Yds,Y/A,AY/A,TD,Int,Rate
1,2003,Washington,Pac-10,FR,WR,11,2,2,100.0,18,9.0,9.0,0,0,175.6
2,2004,Washington,Pac-10,SO,QB,6,23,68,33.8,389,5.7,4.6,3,3,87.6
3,2005,Washington,Pac-10,JR,QB,11,143,264,54.2,2136,8.1,7.8,9,6,128.8
4,2006,Washington,Pac-10,SR,QB,8,101,189,53.4,1325,7.0,7.4,10,3,126.6
5,Career,Washington,,,,,269,523,51.4,3868,7.4,7.2,22,12,122.9
0,Drew Stanton,School,Conf,Class,Pos,G,Cmp,Att,Pct,Yds,Y/A,AY/A,TD,Int,Rate
1,*2003,Michigan State,Big Ten,SO,QB,13,2,3,66.7,39,13.0,13.0,0,0,175.9
2,2004,Michigan State,Big Ten,JR,QB,10,141,220,64.1,1601,7.3,6.8,8,6,131.8
3,2005,Michigan State,Big Ten,JR,QB,11,236,354,66.7,3077,8.7,8.4,22,12,153.4
4,2006,Michigan State,Big Ten,SR,QB,11,164,269,61.0,1807,6.7,5.9,12,10,124.7
5,Career,Michigan State,,,,,543,846,64.2,6524,7.7,7.2,42,28,138.7
0,Kellen Clemens,School,Conf,Class,Pos,G,Cmp,Att,Pct,Yds,Y/A,AY/A,TD,Int,Rate
1,*2002,Oregon,Pac-10,FR,QB,5,23,40,57.5,201,5.0,4.9,2,1,111.2
2,*2003,Oregon,Pac-10,SO,QB,13,182,304,59.9,2400,7.9,7.7,18,9,139.8
3,2004,Oregon,Pac-10,JR,QB,11,223,372,59.9,2548,6.8,6.8,22,10,131.6
4,*2005,Oregon,Pac-10,SR,QB,8,185,289,64.0,2406,8.3,9.0,19,4,152.9
5,Career,Oregon,,,,,613,1005,61.0,7555,7.5,7.7,61,24,139.4
0,Brodie Croyle,School,Conf,Class,Pos,G,Cmp,Att,Pct,Yds,Y/A,AY/A,TD,Int,Rate
1,2002,Alabama,SEC,SO,QB,12,60,123,48.8,1046,8.5,7.5,5,5,125.5
2,2003,Alabama,SEC,JR,QB,12,182,341,53.4,2303,6.8,6.0,16,13,118.0
3,*2004,Alabama,SEC,JR,QB,3,44,66,66.7,534,8.1,9.9,6,0,164.6
4,*2005,Alabama,SEC,SR,QB,12,202,339,59.6,2499,7.4,7.7,14,4,132.8
5,Career,Alabama,,,,,488,869,56.2,6382,7.3,7.1,41,22,128.4
0,Jay Cutler,School,Conf,Class,Pos,G,Cmp,Att,Pct,Yds,Y/A,AY/A,TD,Int,Rate
1,2002,Vanderbilt,SEC,FR,QB,11,103,212,48.6,1433,6.8,5.8,10,9,112.4
2,2003,Vanderbilt,SEC,SO,QB,12,187,327,57.2,2347,7.2,6.5,18,13,127.7
3,2004,Vanderbilt,SEC,JR,QB,11,147,241,61.0,1844,7.7,7.5,10,5,134.8
4,2005,Vanderbilt,SEC,SR,QB,11,273,462,59.1,3073,6.7,6.7,21,9,126.1
5,Career,Vanderbilt,,,,,710,1242,57.2,8697,7.0,6.6,59,36,125.9
0,Bruce Gradkowski,School,Conf,Class,Pos,G,Cmp,Att,Pct,Yds,Y/A,AY/A,TD,Int,Rate
1,*2002,Toledo,MAC,FR,QB,13,2,3,66.7,28,9.3,9.3,0,0,145.1
2,2003,Toledo,MAC,SO,QB,12,277,389,71.2,3210,8.3,8.9,29,7,161.5
3,*2004,Toledo,MAC,JR,QB,13,280,399,70.2,3518,8.8,9.3,27,8,162.6
4,*2005,Toledo,MAC,SR,QB,11,207,332,62.3,2469,7.4,7.6,29,12,146.4
5,Career,Toledo,,,,,766,1123,68.2,9225,8.2,8.6,85,27,157.4
0,Tarvaris Jackson,School,Conf,Class,Pos,G,Cmp,Att,Pct,Yds,Y/A,AY/A,TD,Int,Rate
1,2001,Arkansas,SEC,,QB,3,3,9,33.3,53,5.9,0.9,0,1,60.6
2,*2002,Arkansas,SEC,FR,QB,8,14,39,35.9,143,3.7,1.9,1,2,64.9
3,Career,Arkansas,,,,,17,48,35.4,196,4.1,1.7,1,3,64.1
0,Matt Leinart,School,Conf,Class,Pos,G,Cmp,Att,Pct,Yds,Y/A,AY/A,TD,Int,Rate
1,*2003,USC,Pac-10,SO,QB,13,255,402,63.4,3556,8.8,9.7,38,9,164.5
2,*2004,USC,Pac-10,JR,QB,13,269,412,65.3,3322,8.1,9.0,33,6,156.5
3,*2005,USC,Pac-10,SR,QB,13,283,431,65.7,3815,8.9,9.3,28,8,157.7
4,Career,USC,,,,,807,1245,64.8,10693,8.6,9.3,99,23,159.5
0,Reggie McNeal,School,Conf,Class,Pos,G,Cmp,Att,Pct,Yds,Y/A,AY/A,TD,Int,Rate
1,2002,Texas A&M,Big 12,FR,QB,8,24,45,53.3,456,10.1,9.8,6,3,169.1
2,2003,Texas A&M,Big 12,SO,QB,12,113,221,51.1,1782,8.1,7.4,8,7,124.5
3,*2004,Texas A&M,Big 12,JR,QB,12,200,344,58.1,2791,8.1,8.4,14,4,137.4
4,2005,Texas A&M,Big 12,SR,QB,10,141,265,53.2,1963,7.4,7.1,16,9,128.6
5,Career,Texas A&M,,,,,478,875,54.6,6992,8.0,7.8,44,23,133.1
0,Charlie Whitehurst,School,Conf,Class,Pos,G,Cmp,Att,Pct,Yds,Y/A,AY/A,TD,Int,Rate
1,*2002,Clemson,ACC,FR,QB,9,123,214,57.5,1554,7.3,6.9,10,6,128.3
2,*2003,Clemson,ACC,SO,QB,13,288,465,61.9,3561,7.7,7.3,21,13,135.6
3,2004,Clemson,ACC,JR,QB,11,177,349,50.7,2067,5.9,4.1,7,17,97.3
4,*2005,Clemson,ACC,SR,QB,11,229,340,67.4,2483,7.3,6.6,11,10,133.5
5,Career,Clemson,,,,,817,1368,59.7,9665,7.1,6.3,49,46,124.2
0,Vince Young,School,Conf,Class,Pos,G,Cmp,Att,Pct,Yds,Y/A,AY/A,TD,Int,Rate
1,*2003,Texas,Big 12,FR,QB,12,84,143,58.7,1155,8.1,6.7,6,7,130.6
2,*2004,Texas,Big 12,SO,QB,12,148,250,59.2,1849,7.4,6.4,12,11,128.4
3,*2005,Texas,Big 12,JR,QB,13,212,325,65.2,3036,9.3,9.6,26,10,163.9
4,Career,Texas,,,,,444,718,61.8,6040,8.4,7.9,44,28,144.9
0,Derek Anderson,School,Conf,Class,Pos,G,Cmp,Att,Pct,Yds,Y/A,AY/A,TD,Int,Rate
1,2001,Oregon State,Pac-10,FR,QB,11,17,41,41.5,263,6.4,3.6,1,3,88.8
2,*2002,Oregon State,Pac-10,SO,QB,13,211,449,47.0,3313,7.4,7.2,25,13,121.6
3,*2003,Oregon State,Pac-10,JR,QB,13,261,510,51.2,4058,8.0,6.8,24,24,124.1
4,*2004,Oregon State,Pac-10,SR,QB,12,279,515,54.2,3615,7.0,6.7,29,17,125.1
5,Career,Oregon State,,,,,768,1515,50.7,11249,7.4,6.8,79,57,122.7
0,Jason Campbell,School,Conf,Class,Pos,G,Cmp,Att,Pct,Yds,Y/A,AY/A,TD,Int,Rate
1,2001,Auburn,SEC,FR,QB,9,89,142,62.7,1117,7.9,7.2,4,4,132.4
2,*2002,Auburn,SEC,SO,QB,13,94,149,63.1,1215,8.2,8.1,11,5,149.2
3,*2003,Auburn,SEC,JR,QB,13,181,293,61.8,2267,7.7,7.2,10,8,132.6
4,*2004,Auburn,SEC,SR,QB,13,188,270,69.6,2700,10.0,10.3,20,7,172.9
5,Career,Auburn,,,,,552,854,64.6,7299,8.5,8.3,45,24,148.2
0,Charlie Frye,School,Conf,Class,Pos,G,Cmp,Att,Pct,Yds,Y/A,AY/A,TD,Int,Rate
1,2001,Akron,MAC,FR,QB,11,170,289,58.8,2053,7.1,6.8,9,6,124.6
2,2002,Akron,MAC,SO,QB,12,250,380,65.8,2824,7.4,7.2,15,9,136.5
3,2003,Akron,MAC,JR,QB,12,273,421,64.8,3549,8.4,8.5,22,9,148.6
4,2004,Akron,MAC,SR,QB,11,220,346,63.6,2623,7.6,7.6,18,8,139.8
5,Career,Akron,,,,,913,1436,63.6,11049,7.7,7.6,64,32,138.5
0,Dan Orlovsky,School,Conf,Class,Pos,G,Cmp,Att,Pct,Yds,Y/A,AY/A,TD,Int,Rate
1,2001,Connecticut,Ind,,QB,10,128,269,47.6,1379,5.1,4.0,9,11,93.5
2,2002,Connecticut,Ind,SO,QB,12,221,366,60.4,2488,6.8,6.5,19,11,128.6
3,2003,Connecticut,Ind,JR,QB,12,279,475,58.7,3485,7.3,7.4,33,14,137.4
4,*2004,Connecticut,Big East,SR,QB,12,288,457,63.0,3354,7.3,6.9,23,15,134.7
5,Career,Connecticut,,,,,916,1567,58.5,10706,6.8,6.4,84,51,127.0
0,Kyle Orton,School,Conf,Class,Pos,G,Cmp,Att,Pct,Yds,Y/A,AY/A,TD,Int,Rate
1,*2001,Purdue,Big Ten,FR,QB,7,107,216,49.5,1105,5.1,4.0,4,7,92.1
2,*2002,Purdue,Big Ten,SO,QB,13,192,317,60.6,2257,7.1,6.7,13,9,128.2
3,*2003,Purdue,Big Ten,JR,QB,13,251,414,60.6,2885,7.0,6.9,15,7,127.7
4,*2004,Purdue,Big Ten,SR,QB,11,236,389,60.7,3090,7.9,9.0,31,5,151.1
5,Career,Purdue,,,,,786,1336,58.8,9337,7.0,7.0,63,28,128.9
0,Aaron Rodgers,School,Conf,Class,Pos,G,Cmp,Att,Pct,Yds,Y/A,AY/A,TD,Int,Rate
1,*2003,California,Pac-10,SO,QB,13,215,349,61.6,2903,8.3,8.8,19,5,146.6
2,*2004,California,Pac-10,JR,QB,12,209,316,66.1,2566,8.1,8.5,24,8,154.3
3,Career,California,,,,,424,665,63.8,5469,8.2,8.6,43,13,150.3
0,Alex Smith,School,Conf,Class,Pos,G,Cmp,Att,Pct,Yds,Y/A,AY/A,TD,Int,Rate
1,2002,Utah,MWC,FR,QB,2,2,4,50.0,4,1.0,-10.3,0,1,8.4
2,*2003,Utah,MWC,SO,QB,11,173,266,65.0,2247,8.4,9.1,15,3,152.3
3,*2004,Utah,MWC,JR,QB,12,214,317,67.5,2952,9.3,10.8,32,4,176.5
4,Career,Utah,,,,,389,587,66.3,5203,8.9,9.9,47,8,164.4
0,Andrew Walter,School,Conf,Class,Pos,G,Cmp,Att,Pct,Yds,Y/A,AY/A,TD,Int,Rate
1,2001,Arizona State,Pac-10,FR,QB,11,38,86,44.2,546,6.3,6.0,3,2,104.4
2,*2002,Arizona State,Pac-10,SO,QB,14,274,483,56.7,3877,8.0,7.8,28,15,137.1
3,2003,Arizona State,Pac-10,JR,QB,12,221,421,52.5,3044,7.2,7.3,24,10,127.3
4,*2004,Arizona State,Pac-10,SR,QB,11,244,426,57.3,3150,7.4,7.9,30,9,138.4
5,Career,Arizona State,,,,,777,1416,54.9,10617,7.5,7.6,85,36,132.6
0,Craig Krenzel,School,Conf,Class,Pos,G,Cmp,Att,Pct,Yds,Y/A,AY/A,TD,Int,Rate
1,*2000,Ohio State,Big Ten,FR,QB,6,5,9,55.6,57,6.3,1.3,0,1,86.5
2,2001,Ohio State,Big Ten,SO,QB,2,22,41,53.7,282,6.9,4.1,1,3,104.8
3,*2002,Ohio State,Big Ten,SR,QB,14,148,249,59.4,2110,8.5,8.2,12,7,140.9
4,*2003,Ohio State,Big Ten,SR,QB,11,153,278,55.0,2040,7.3,6.8,15,10,127.3
5,Career,Ohio State,,,,,328,577,56.8,4489,7.8,7.1,28,21,130.9
0,J.P. Losman,School,Conf,Class,Pos,G,Cmp,Att,Pct,Yds,Y/A,AY/A,TD,Int,Rate
1,2000,Tulane,CUSA,FR,QB,10,58,115,50.4,722,6.3,6.2,4,2,111.2
2,2001,Tulane,CUSA,SO,QB,3,31,49,63.3,487,9.9,10.7,4,1,169.6
3,*2002,Tulane,CUSA,JR,QB,13,230,401,57.4,2468,6.2,6.0,19,10,119.7
4,2003,Tulane,CUSA,SR,QB,12,251,422,59.5,3077,7.3,7.4,33,14,139.9
5,Career,Tulane,,,,,570,987,57.8,6754,6.8,6.8,60,27,129.8
0,Eli Manning,School,Conf,Class,Pos,G,Cmp,Att,Pct,Yds,Y/A,AY/A,TD,Int,Rate
1,2000,Ole Miss,SEC,FR,QB,6,16,33,48.5,170,5.2,3.8,0,1,85.7
2,2001,Ole Miss,SEC,SO,QB,11,259,408,63.5,2948,7.2,7.8,31,9,144.8
3,*2002,Ole Miss,SEC,JR,QB,13,279,481,58.0,3401,7.1,6.5,21,15,125.6
4,*2003,Ole Miss,SEC,SR,QB,13,275,441,62.4,3600,8.2,8.5,29,10,148.1
5,Career,Ole Miss,,,,,829,1363,60.8,10119,7.4,7.5,81,35,137.7
0,Matt Mauck,School,Conf,Class,Pos,G,Cmp,Att,Pct,Yds,Y/A,AY/A,TD,Int,Rate
1,2001,LSU,SEC,FR,QB,3,18,41,43.9,224,5.5,3.3,0,2,80.0
2,*2002,LSU,SEC,SO,QB,6,63,130,48.5,782,6.0,6.7,9,2,118.8
3,*2003,LSU,SEC,JR,QB,14,229,358,64.0,2825,7.9,7.7,28,14,148.2
4,Career,LSU,,,,,310,529,58.6,3831,7.2,7.1,37,18,135.7
0,Luke McCown,School,Conf,Class,Pos,G,Cmp,Att,Pct,Yds,Y/A,AY/A,TD,Int,Rate
1,2000,Louisiana Tech,Ind,FR,QB,8,244,369,66.1,2544,6.9,6.2,21,15,134.7
2,2001,Louisiana Tech,WAC,SO,QB,11,277,469,59.1,3337,7.1,7.0,28,14,132.6
3,2002,Louisiana Tech,WAC,JR,QB,12,296,505,58.6,3539,7.0,6.1,19,19,122.4
4,2003,Louisiana Tech,WAC,SR,QB,12,246,432,56.9,3246,7.5,6.9,19,14,128.1
5,Career,Louisiana Tech,,,,,1063,1775,59.9,12666,7.1,6.5,87,62,129.0
0,John Navarre,School,Conf,Class,Pos,G,Cmp,Att,Pct,Yds,Y/A,AY/A,TD,Int,Rate
1,2000,Michigan,Big Ten,FR,QB,9,40,77,51.9,583,7.6,9.1,8,1,147.2
2,2001,Michigan,Big Ten,SO,QB,11,186,346,53.8,2195,6.3,5.8,17,12,116.3
3,*2002,Michigan,Big Ten,JR,QB,13,248,448,55.4,2905,6.5,6.7,21,7,122.2
4,*2003,Michigan,Big Ten,SR,QB,13,270,456,59.2,3331,7.3,7.4,24,10,133.6
5,Career,Michigan,,,,,744,1327,56.1,9014,6.8,6.8,70,30,126.0
0,Bradlee Van Pelt,School,Conf,Class,Pos,G,Cmp,Att,Pct,Yds,Y/A,AY/A,TD,Int,Rate
1,2001,Colorado State,MWC,SO,QB,11,94,194,48.5,1247,6.4,4.9,8,10,105.7
2,*2002,Colorado State,MWC,JR,QB,14,150,287,52.3,2073,7.2,6.8,10,7,119.6
3,*2003,Colorado State,MWC,SR,QB,13,180,297,60.6,2845,9.6,8.9,19,13,153.4
4,Career,Colorado State,,,,,424,778,54.5,6165,7.9,7.1,37,30,129.0
0,Cody Pickett,School,Conf,Class,Pos,G,Cmp,Att,Pct,Yds,Y/A,AY/A,TD,Int,Rate
1,1999,Washington,Pac-10,,QB,1,0,4,0.0,0,0.0,-11.3,0,1,-50.0
2,2000,Washington,Pac-10,FR,QB,2,1,2,50.0,12,6.0,6.0,0,0,100.4
3,2001,Washington,Pac-10,SO,QB,10,169,301,56.1,2403,8.0,6.6,10,14,124.9
4,*2002,Washington,Pac-10,JR,QB,13,365,612,59.6,4458,7.3,7.2,28,14,131.4
5,2003,Washington,Pac-10,SR,QB,12,257,454,56.6,3043,6.7,6.1,15,13,118.1
6,Career,Washington,,,,,792,1373,57.7,9916,7.2,6.6,53,42,125.0
0,Philip Rivers,School,Conf,Class,Pos,G,Cmp,Att,Pct,Yds,Y/A,AY/A,TD,Int,Rate
1,2000,North Carolina State,ACC,FR,QB,11,237,441,53.7,3054,6.9,7.0,25,10,126.1
2,2001,North Carolina State,ACC,SO,QB,11,240,368,65.2,2586,7.0,7.0,16,7,134.8
3,*2002,North Carolina State,ACC,JR,QB,14,262,418,62.7,3353,8.0,7.9,20,10,141.1
4,*2003,North Carolina State,ACC,SR,QB,13,348,483,72.0,4491,9.3,10.1,34,7,170.5
5,Career,North Carolina State,,,,,1087,1710,63.6,13484,7.9,8.1,95,34,144.2
0,Ben Roethlisberger,School,Conf,Class,Pos,G,Cmp,Att,Pct,Yds,Y/A,AY/A,TD,Int,Rate
1,2001,Miami (OH),MAC,FR,QB,12,241,381,63.3,3105,8.1,7.9,25,13,146.5
2,2002,Miami (OH),MAC,SO,QB,12,271,428,63.3,3238,7.6,7.4,22,11,138.7
3,*2003,Miami (OH),MAC,JR,QB,14,342,495,69.1,4486,9.1,9.6,37,10,165.8
4,Career,Miami (OH),,,,,854,1304,65.5,10829,8.3,8.4,84,34,151.3
0,Matt Schaub,School,Conf,Class,Pos,G,Cmp,Att,Pct,Yds,Y/A,AY/A,TD,Int,Rate
1,2000,Virginia,ACC,FR,QB,3,7,8,87.5,50,6.3,0.6,0,1,115.0
2,2001,Virginia,ACC,SO,QB,12,140,240,58.3,1524,6.4,5.7,10,8,118.8
3,*2002,Virginia,ACC,JR,QB,14,288,418,68.9,2976,7.1,7.7,28,7,147.5
4,*2003,Virginia,ACC,SR,QB,11,281,403,69.7,2952,7.3,7.1,18,10,141.0
5,Career,Virginia,,,,,716,1069,67.0,7502,7.0,7.0,56,26,138.4
0,Kyle Boller,School,Conf,Class,Pos,G,Cmp,Att,Pct,Yds,Y/A,AY/A,TD,Int,Rate
1,1999,California,Pac-10,,QB,10,100,259,38.6,1303,5.0,3.1,9,15,80.8
2,2000,California,Pac-10,SO,QB,11,163,349,46.7,2121,6.1,5.3,15,13,104.5
3,2001,California,Pac-10,JR,QB,10,134,272,49.3,1741,6.4,5.6,12,10,110.2
4,2002,California,Pac-10,SR,QB,12,225,421,53.4,2815,6.7,6.9,28,10,126.8
5,Career,California,,,,,622,1301,47.8,7980,6.1,5.5,64,48,108.2
0,Ken Dorsey,School,Conf,Class,Pos,G,Cmp,Att,Pct,Yds,Y/A,AY/A,TD,Int,Rate
1,1999,Miami (FL),Big East,,QB,6,74,120,61.7,807,6.7,7.6,10,2,142.3
2,2000,Miami (FL),Big East,SO,QB,11,188,322,58.4,2737,8.5,9.4,25,5,152.3
3,2001,Miami (FL),Big East,JR,QB,11,184,318,57.9,2652,8.3,8.5,23,9,146.1
4,*2002,Miami (FL),Big East,SR,QB,13,222,393,56.5,3369,8.6,8.6,28,12,145.9
5,Career,Miami (FL),,,,,668,1153,57.9,9565,8.3,8.7,86,28,147.4
0,Rex Grossman,School,Conf,Class,Pos,G,Cmp,Att,Pct,Yds,Y/A,AY/A,TD,Int,Rate
1,2000,Florida,SEC,FR,QB,11,131,212,61.8,1866,8.8,9.3,21,7,161.8
2,2001,Florida,SEC,SO,QB,11,259,395,65.6,3896,9.9,10.2,34,12,170.8
3,*2002,Florida,SEC,JR,QB,13,287,503,57.1,3402,6.8,6.1,22,17,121.5
4,Career,Florida,,,,,677,1110,61.0,9164,8.3,8.2,77,36,146.7
0,Kliff Kingsbury,School,Conf,Class,Pos,G,Cmp,Att,Pct,Yds,Y/A,AY/A,TD,Int,Rate
1,1999,Texas Tech,Big 12,,QB,6,25,57,43.9,492,8.6,9.2,4,1,136.0
2,2000,Texas Tech,Big 12,SO,QB,12,362,585,61.9,3418,5.8,5.3,21,17,117.0
3,2001,Texas Tech,Big 12,JR,QB,11,365,529,69.0,3502,6.6,6.8,25,9,136.8
4,*2002,Texas Tech,Big 12,SR,QB,14,479,712,67.3,5017,7.0,7.5,45,13,143.7
5,Career,Texas Tech,,,,,1231,1883,65.4,12429,6.6,6.7,95,40,133.2
0,Byron Leftwich,School,Conf,Class,Pos,G,Cmp,Att,Pct,Yds,Y/A,AY/A,TD,Int,Rate
1,*1998,Marshall,MAC,,QB,13,7,13,53.8,85,6.5,-0.4,0,2,78.0
2,1999,Marshall,MAC,,QB,12,7,11,63.6,60,5.5,5.5,0,0,109.5
3,2000,Marshall,MAC,SO,QB,12,279,457,61.1,3358,7.3,7.4,21,9,134.0
4,2001,Marshall,MAC,JR,QB,12,315,470,67.0,4132,8.8,9.7,38,7,164.6
5,*2002,Marshall,MAC,SR,QB,12,331,491,67.4,4268,8.7,9.0,30,10,156.5
6,Career,Marshall,,,,,939,1442,65.1,11903,8.3,8.6,89,28,150.9
0,Carson Palmer,School,Conf,Class,Pos,G,Cmp,Att,Pct,Yds,Y/A,AY/A,TD,Int,Rate
1,*1998,USC,Pac-10,,QB,13,130,235,55.3,1755,7.5,6.9,7,6,122.8
2,1999,USC,Pac-10,,QB,3,39,53,73.6,490,9.2,7.8,3,3,158.6
3,2000,USC,Pac-10,SO,QB,12,228,415,54.9,2914,7.0,5.8,16,18,118.0
4,*2001,USC,Pac-10,JR,QB,12,221,377,58.6,2717,7.2,6.5,13,12,124.2
5,*2002,USC,Pac-10,SR,QB,13,309,489,63.2,3942,8.1,8.5,33,10,149.1
6,Career,USC,,,,,927,1569,59.1,11818,7.5,7.0,72,49,131.2
0,Dave Ragone,School,Conf,Class,Pos,G,Cmp,Att,Pct,Yds,Y/A,AY/A,TD,Int,Rate
1,1999,Louisville,CUSA,,QB,5,1,2,50.0,7,3.5,3.5,0,0,79.4
2,2000,Louisville,CUSA,SO,QB,11,216,354,61.0,2621,7.4,7.5,27,11,142.2
3,2001,Louisville,CUSA,JR,QB,12,231,383,60.3,3056,8.0,8.4,23,7,143.5
4,*2002,Louisville,CUSA,SR,QB,13,237,441,53.7,2880,6.5,6.5,24,11,121.6
5,Career,Louisville,,,,,685,1180,58.1,8564,7.3,7.4,74,29,134.8
0,Chris Simms,School,Conf,Class,Pos,G,Cmp,Att,Pct,Yds,Y/A,AY/A,TD,Int,Rate
1,*1999,Texas,Big 12,,QB,6,19,36,52.8,223,6.2,6.1,2,1,117.6
2,2000,Texas,Big 12,SO,QB,10,67,117,57.3,1064,9.1,7.8,8,7,144.3
3,2001,Texas,Big 12,JR,QB,12,214,362,59.1,2603,7.2,7.0,22,11,133.5
4,*2002,Texas,Big 12,SR,QB,13,235,396,59.3,3207,8.1,8.0,26,12,143.0
5,Career,Texas,,,,,535,911,58.7,7097,7.8,7.5,58,31,138.4
0,Seneca Wallace,School,Conf,Class,Pos,G,Cmp,Att,Pct,Yds,Y/A,AY/A,TD,Int,Rate
1,2001,Iowa State,Big 12,JR,QB,11,167,269,62.1,2044,7.6,6.9,11,9,132.7
2,*2002,Iowa State,Big 12,SR,QB,14,244,443,55.1,3245,7.3,6.2,15,18,119.7
3,Career,Iowa State,,,,,411,712,57.7,5289,7.4,6.5,26,27,124.6
0,David Carr,School,Conf,Class,Pos,G,Cmp,Att,Pct,Yds,Y/A,AY/A,TD,Int,Rate
1,1997,Fresno State,WAC,,QB,4,5,11,45.5,53,4.8,0.7,0,1,67.7
2,1998,Fresno State,WAC,,QB,7,22,41,53.7,228,5.6,5.0,1,1,103.5
3,2000,Fresno State,WAC,JR,QB,11,194,316,61.4,2338,7.4,7.0,18,11,135.4
4,*2001,Fresno State,WAC,SR,QB,14,344,533,64.5,4839,9.1,10.0,46,9,165.9
5,Career,Fresno State,,,,,565,901,62.7,7458,8.3,8.6,65,22,151.2
0,Ronald Curry,School,Conf,Class,Pos,G,Cmp,Att,Pct,Yds,Y/A,AY/A,TD,Int,Rate
1,1998,North Carolina,ACC,,QB,11,66,147,44.9,975,6.6,5.3,6,7,104.6
2,1999,North Carolina,ACC,,QB,5,54,110,49.1,682,6.2,2.7,3,10,92.0
3,2000,North Carolina,ACC,JR,QB,11,163,304,53.6,2325,7.6,6.6,11,12,121.9
4,2001,North Carolina,ACC,SR,QB,10,62,134,46.3,1005,7.5,6.7,8,6,120.0
5,Career,North Carolina,,,,,345,695,49.6,4987,7.2,5.7,28,35,113.1
0,Rohan Davey,School,Conf,Class,Pos,G,Cmp,Att,Pct,Yds,Y/A,AY/A,TD,Int,Rate
1,1998,LSU,SEC,,QB,2,,,,,,,,,
2,1999,LSU,SEC,,QB,7,31,52,59.6,491,9.4,7.5,4,4,148.9
3,2000,LSU,SEC,JR,QB,4,38,59,64.4,577,9.8,11.4,7,1,182.3
4,2001,LSU,SEC,SR,QB,12,217,367,59.1,3347,9.1,8.9,18,10,146.5
5,Career,LSU,,,,,286,478,59.8,4415,9.2,9.0,29,15,151.2
0,Randy Fasani,School,Conf,Class,Pos,G,Cmp,Att,Pct,Yds,Y/A,AY/A,TD,Int,Rate
1,1998,Stanford,Pac-10,,QB,10,8,16,50.0,81,5.1,3.5,1,1,100.7
2,1999,Stanford,Pac-10,,QB,10,1,6,16.7,13,2.2,2.2,0,0,34.9
3,2000,Stanford,Pac-10,SR,QB,8,93,180,51.7,1400,7.8,7.5,11,6,130.5
4,2001,Stanford,Pac-10,SR,QB,8,86,167,51.5,1479,8.9,9.3,13,4,146.8
5,Career,Stanford,,,,,188,369,50.9,2973,8.1,8.1,25,11,135.0
0,David Garrard,School,Conf,Class,Pos,G,Cmp,Att,Pct,Yds,Y/A,AY/A,TD,Int,Rate
1,1998,East Carolina,CUSA,,QB,11,157,255,61.6,2091,8.2,8.1,14,7,143.1
2,1999,East Carolina,CUSA,,QB,11,181,312,58.0,2359,7.6,6.7,14,12,128.6
3,2000,East Carolina,CUSA,JR,QB,11,164,312,52.6,2332,7.5,7.1,19,11,128.4
4,2001,East Carolina,CUSA,SR,QB,11,164,290,56.6,2247,7.7,7.2,13,9,130.2
5,Career,East Carolina,,,,,666,1169,57.0,9029,7.7,7.2,60,39,132.1
0,Joey Harrington,School,Conf,Class,Pos,G,Cmp,Att,Pct,Yds,Y/A,AY/A,TD,Int,Rate
1,*1998,Oregon,Pac-10,,QB,2,0,1,0.0,0,0.0,0.0,0,0,0.0
2,*1999,Oregon,Pac-10,,QB,8,84,158,53.2,1180,7.5,7.9,10,3,133.0
3,*2000,Oregon,Pac-10,JR,QB,12,214,405,52.8,2967,7.3,6.9,22,14,125.4
4,*2001,Oregon,Pac-10,SR,QB,12,214,364,58.8,2764,7.6,8.3,27,6,143.8
5,Career,Oregon,,,,,512,928,55.2,6911,7.4,7.6,59,23,133.8
0,Kurt Kittner,School,Conf,Class,Pos,G,Cmp,Att,Pct,Yds,Y/A,AY/A,TD,Int,Rate
1,1998,Illinois,Big Ten,,QB,9,72,162,44.4,782,4.8,3.0,1,7,78.4
2,*1999,Illinois,Big Ten,,QB,12,216,396,54.5,2702,6.8,7.5,24,5,129.3
3,2000,Illinois,Big Ten,JR,QB,10,173,297,58.2,1982,6.7,6.7,18,8,128.9
4,2001,Illinois,Big Ten,SR,QB,11,207,374,55.3,2994,8.0,7.7,23,13,135.9
5,Career,Illinois,,,,,668,1229,54.4,8460,6.9,6.7,66,33,124.5
0,Josh McCown,School,Conf,Class,Pos,G,Cmp,Att,Pct,Yds,Y/A,AY/A,TD,Int,Rate
1,1998,SMU,WAC,,QB,9,46,99,46.5,619,6.3,4.0,7,8,106.2
2,1999,SMU,WAC,,QB,10,125,234,53.4,1434,6.1,5.1,11,10,111.9
3,2000,SMU,WAC,JR,QB,11,169,331,51.1,1969,5.9,4.3,9,16,100.3
4,Career,SMU,,,,,340,664,51.2,4022,6.1,4.6,27,34,105.3
0,Patrick Ramsey,School,Conf,Class,Pos,G,Cmp,Att,Pct,Yds,Y/A,AY/A,TD,Int,Rate
1,*1998,Tulane,CUSA,,QB,3,3,5,60.0,27,5.4,9.4,1,0,171.4
2,1999,Tulane,CUSA,,QB,11,310,513,60.4,3410,6.6,5.5,25,24,123.0
3,2000,Tulane,CUSA,JR,QB,10,229,389,58.9,2833,7.3,6.9,24,14,133.2
4,2001,Tulane,CUSA,SR,QB,11,256,448,57.1,2935,6.6,6.2,22,13,122.6
5,Career,Tulane,,,,,798,1355,58.9,9205,6.8,6.2,72,51,126.0
0,Drew Brees,School,Conf,Class,Pos,G,Cmp,Att,Pct,Yds,Y/A,AY/A,TD,Int,Rate
1,*1997,Purdue,Big Ten,,QB,8,19,43,44.2,232,5.4,4.3,0,1,84.9
2,*1998,Purdue,Big Ten,,QB,13,361,569,63.4,3983,7.0,6.8,39,20,137.8
3,*1999,Purdue,Big Ten,,QB,12,337,554,60.8,3909,7.1,7.0,25,12,130.7
4,*2000,Purdue,Big Ten,SR,QB,12,309,512,60.4,3668,7.2,7.1,26,12,132.6
5,Career,Purdue,,,,,1026,1678,61.1,11792,7.0,6.9,90,45,132.5
0,Quincy Carter,School,Conf,Class,Pos,G,Cmp,Att,Pct,Yds,Y/A,AY/A,TD,Int,Rate
1,1998,Georgia,SEC,,QB,11,176,290,60.7,2484,8.6,8.0,12,9,140.1
2,1999,Georgia,SEC,,QB,11,216,380,56.8,2713,7.1,7.3,17,6,128.4
3,2000,Georgia,SEC,JR,QB,7,91,183,49.7,1250,6.8,5.0,6,10,107.0
4,Career,Georgia,,,,,483,853,56.6,6447,7.6,7.1,35,25,127.8
0,Mike McMahon,School,Conf,Class,Pos,G,Cmp,Att,Pct,Yds,Y/A,AY/A,TD,Int,Rate
1,1997,Rutgers,Big East,,QB,9,104,212,49.1,1259,5.9,4.0,6,12,97.0
2,1998,Rutgers,Big East,,QB,11,143,276,51.8,2203,8.0,6.2,12,16,121.6
3,1999,Rutgers,Big East,,QB,5,66,146,45.2,989,6.8,5.3,5,7,103.8
4,2000,Rutgers,Big East,SR,QB,10,169,340,49.7,2157,6.3,5.2,18,17,110.5
5,Career,Rutgers,,,,,482,974,49.5,6608,6.8,5.2,41,52,109.7
0,Jesse Palmer,School,Conf,Class,Pos,G,Cmp,Att,Pct,Yds,Y/A,AY/A,TD,Int,Rate
1,1997,Florida,SEC,,QB,6,21,38,55.3,291,7.7,6.2,4,3,138.5
2,1998,Florida,SEC,,QB,6,73,123,59.3,1246,10.1,10.6,14,5,173.9
3,1999,Florida,SEC,,QB,5,44,95,46.3,565,5.9,4.0,2,5,92.7
4,2000,Florida,SEC,SR,QB,10,116,223,52.0,1653,7.4,7.6,11,4,127.0
5,Career,Florida,,,,,254,479,53.0,3755,7.8,7.5,31,17,133.1
0,Sage Rosenfels,School,Conf,Class,Pos,G,Cmp,Att,Pct,Yds,Y/A,AY/A,TD,Int,Rate
1,1997,Iowa State,Big 12,,QB,4,4,10,40.0,37,3.7,-5.3,0,2,31.1
2,1998,Iowa State,Big 12,,QB,4,3,9,33.3,48,5.3,0.3,0,1,55.9
3,1999,Iowa State,Big 12,,QB,11,127,235,54.0,1781,7.6,6.3,10,11,122.4
4,2000,Iowa State,Big 12,SR,QB,11,172,333,51.7,2298,6.9,5.8,8,12,110.3
5,Career,Iowa State,,,,,306,587,52.1,4164,7.1,5.7,18,26,113.0
0,Marques Tuiasosopo,School,Conf,Class,Pos,G,Cmp,Att,Pct,Yds,Y/A,AY/A,TD,Int,Rate
1,1997,Washington,Pac-10,,QB,9,37,64,57.8,650,10.2,10.4,3,1,155.5
2,1998,Washington,Pac-10,,QB,11,40,79,50.6,484,6.1,3.8,2,5,97.8
3,1999,Washington,Pac-10,,QB,11,171,295,58.0,2221,7.5,6.7,12,11,127.2
4,2000,Washington,Pac-10,SR,QB,11,170,323,52.6,2146,6.6,6.0,14,11,115.9
5,Career,Washington,,,,,418,761,54.9,5501,7.2,6.4,31,28,121.7
0,Michael Vick,School,Conf,Class,Pos,G,Cmp,Att,Pct,Yds,Y/A,AY/A,TD,Int,Rate
1,*1999,Virginia Tech,Big East,,QB,12,105,182,57.7,2065,11.3,11.5,13,5,171.1
2,2000,Virginia Tech,Big East,SO,QB,10,87,161,54.0,1234,7.7,7.0,8,6,127.4
3,Career,Virginia Tech,,,,,192,343,56.0,3299,9.6,9.4,21,11,150.6
0,Chris Weinke,School,Conf,Class,Pos,G,Cmp,Att,Pct,Yds,Y/A,AY/A,TD,Int,Rate
1,1997,Florida State,ACC,,QB,3,7,13,53.8,82,6.3,5.9,2,1,142.2
2,1998,Florida State,ACC,,QB,10,145,286,50.7,2487,8.7,9.1,19,6,141.5
3,1999,Florida State,ACC,,QB,11,232,377,61.5,3103,8.2,7.9,25,14,145.1
4,2000,Florida State,ACC,SR,QB,12,266,431,61.7,4167,9.7,10.1,33,11,163.1
5,Career,Florida State,,,,,650,1107,58.7,9839,8.9,9.0,79,32,151.1
0,Tom Brady,School,Conf,Class,Pos,G,Cmp,Att,Pct,Yds,Y/A,AY/A,TD,Int,Rate
1,1996,Michigan,Big Ten,,QB,2,3,5,60.0,26,5.2,-3.8,0,1,63.7
2,1997,Michigan,Big Ten,,QB,4,12,15,80.0,103,6.9,6.9,0,0,137.7
3,1998,Michigan,Big Ten,,QB,12,200,323,61.9,2427,7.5,7.0,14,10,133.1
4,1999,Michigan,Big Ten,,QB,11,180,295,61.0,2217,7.5,7.7,16,6,138.0
5,Career,Michigan,,,,,395,638,61.9,4773,7.5,7.2,30,17,134.9
0,Marc Bulger,School,Conf,Class,Pos,G,Cmp,Att,Pct,Yds,Y/A,AY/A,TD,Int,Rate
1,*1996,West Virginia,Big East,,QB,6,19,42,45.2,352,8.4,8.7,3,1,134.4
2,*1997,West Virginia,Big East,,QB,12,192,323,59.4,2465,7.6,7.1,14,10,131.7
3,*1998,West Virginia,Big East,,QB,12,274,419,65.4,3607,8.6,9.0,31,10,157.3
4,1999,West Virginia,Big East,,QB,8,145,239,60.7,1729,7.2,5.7,11,13,125.7
5,Career,West Virginia,,,,,630,1023,61.6,8153,8.0,7.6,59,34,140.9
0,Joe Hamilton,School,Conf,Class,Pos,G,Cmp,Att,Pct,Yds,Y/A,AY/A,TD,Int,Rate
1,1996,Georgia Tech,ACC,,QB,10,108,188,57.4,1342,7.1,4.8,7,13,115.9
2,1997,Georgia Tech,ACC,,QB,11,173,268,64.6,2314,8.6,8.4,12,7,146.6
3,1998,Georgia Tech,ACC,,QB,11,145,259,56.0,2166,8.4,8.3,17,8,141.7
4,1999,Georgia Tech,ACC,,QB,11,203,305,66.6,3060,10.0,10.3,29,11,175.0
5,Career,Georgia Tech,,,,,629,1020,61.7,8882,8.7,8.3,65,39,148.2
0,Todd Husak,School,Conf,Class,Pos,G,Cmp,Att,Pct,Yds,Y/A,AY/A,TD,Int,Rate
1,1996,Stanford,Pac-10,,QB,4,19,39,48.7,202,5.2,3.4,1,2,90.4
2,1997,Stanford,Pac-10,,QB,11,37,78,47.4,582,7.5,6.4,5,4,121.0
3,1998,Stanford,Pac-10,,QB,11,233,447,52.1,3092,6.9,7.0,17,7,119.6
4,1999,Stanford,Pac-10,,QB,10,176,308,57.1,2688,8.7,8.3,18,11,142.6
5,Career,Stanford,,,,,465,872,53.3,6564,7.5,7.2,41,24,126.6
0,Jarious Jackson,School,Conf,Class,Pos,G,Cmp,Att,Pct,Yds,Y/A,AY/A,TD,Int,Rate
1,1996,Notre Dame,Ind,,QB,6,10,15,66.7,181,12.1,16.1,3,0,234.0
2,1997,Notre Dame,Ind,,QB,7,8,17,47.1,146,8.6,7.1,1,1,126.8
3,*1998,Notre Dame,Ind,,QB,11,104,188,55.3,1740,9.3,9.2,13,6,149.5
4,1999,Notre Dame,Ind,,QB,12,184,316,58.2,2753,8.7,7.8,17,14,140.3
5,Career,Notre Dame,,,,,306,536,57.1,4820,9.0,8.5,34,21,145.7
0,Tee Martin,School,Conf,Class,Pos,G,Cmp,Att,Pct,Yds,Y/A,AY/A,TD,Int,Rate
1,1996,Tennessee,SEC,,QB,11,2,4,50.0,24,6.0,6.0,0,0,100.4
2,1997,Tennessee,SEC,,QB,4,6,12,50.0,87,7.3,5.2,1,1,121.7
3,1998,Tennessee,SEC,,QB,12,153,267,57.3,2164,8.1,8.5,19,6,144.4
4,1999,Tennessee,SEC,,QB,11,165,305,54.1,2317,7.6,7.1,12,9,125.0
5,Career,Tennessee,,,,,326,588,55.4,4592,7.8,7.7,32,16,133.6
0,Chad Pennington,School,Conf,Class,Pos,G,Cmp,Att,Pct,Yds,Y/A,AY/A,TD,Int,Rate
1,*1997,Marshall,MAC,,QB,13,276,473,58.4,3817,8.1,8.7,42,12,150.4
2,*1998,Marshall,MAC,,QB,13,297,456,65.1,3830,8.4,8.9,28,7,152.9
3,1999,Marshall,MAC,,QB,12,275,405,67.9,3799,9.4,10.0,37,11,171.4
4,Career,Marshall,,,,,848,1334,63.6,11446,8.6,9.2,107,30,157.6
0,Tim Rattay,School,Conf,Class,Pos,G,Cmp,Att,Pct,Yds,Y/A,AY/A,TD,Int,Rate
1,1997,Louisiana Tech,Ind,,QB,11,293,477,61.4,3881,8.1,8.6,34,10,149.1
2,1998,Louisiana Tech,Ind,,QB,12,380,559,68.0,4943,8.8,9.4,46,13,164.8
3,1999,Louisiana Tech,Ind,,QB,10,342,516,66.3,3922,7.6,7.9,35,12,147.9
4,Career,Louisiana Tech,,,,,1015,1552,65.4,12746,8.2,8.7,115,35,154.3
0,Chris Redman,School,Conf,Class,Pos,G,Cmp,Att,Pct,Yds,Y/A,AY/A,TD,Int,Rate
1,1996,Louisville,CUSA,,QB,11,144,272,52.9,1773,6.5,5.6,8,9,110.8
2,1997,Louisville,CUSA,,QB,11,261,445,58.7,3079,6.9,6.3,18,14,123.8
3,1998,Louisville,CUSA,,QB,10,309,473,65.3,4042,8.5,8.3,29,15,151.0
4,1999,Louisville,CUSA,,QB,11,317,489,64.8,3647,7.5,7.4,29,13,141.7
5,Career,Louisville,,,,,1031,1679,61.4,12541,7.5,7.1,84,51,134.6
0,Spergon Wynn,School,Conf,Class,Pos,G,Cmp,Att,Pct,Yds,Y/A,AY/A,TD,Int,Rate
1,1996,Minnesota,Big Ten,,QB,2,0,1,0.0,0,0.0,-45.0,0,1,-200.0
2,Career,Minnesota,,,,,0,1,0.0,0,0.0,-45.0,0,1,-200.0
